999,16,"age","job","marital","education","default","balance","housing","loan","contact","day","month","duration","campaign","pdays","previous","poutcome"
30, 0, 0, 0, 0, 1787, 0, 0, 0, 19, 0, 79, 1, 0, 0, 0, 0
33, 1, 0, 1, 0, 4789, 1, 1, 0, 11, 1, 220, 1, 339, 4, 1, 1
35, 2, 1, 2, 0, 1350, 1, 0, 0, 16, 2, 185, 1, 330, 1, 1, 1
30, 2, 0, 2, 0, 1476, 1, 1, 1, 3, 3, 199, 4, 0, 0, 0, 1
59, 3, 0, 1, 0, 0, 1, 0, 1, 5, 1, 226, 1, 0, 0, 0, 1
35, 2, 1, 2, 0, 747, 0, 0, 0, 23, 4, 141, 2, 176, 3, 1, 1
36, 4, 0, 2, 0, 307, 1, 0, 0, 14, 1, 341, 1, 330, 2, 2, 1
39, 5, 0, 1, 0, 147, 1, 0, 0, 6, 1, 151, 2, 0, 0, 0, 1
41, 6, 0, 2, 0, 221, 1, 0, 1, 14, 1, 57, 2, 0, 0, 0, 1
43, 1, 0, 0, 0, 0, 1, 1, 0, 17, 2, 313, 1, 147, 2, 1, 1
39, 1, 0, 1, 0, 9374, 1, 0, 1, 20, 1, 273, 1, 0, 0, 0, 1
43, 7, 0, 1, 0, 264, 1, 0, 0, 17, 2, 113, 2, 0, 0, 0, 1
36, 5, 0, 2, 0, 1109, 0, 0, 0, 13, 5, 328, 2, 0, 0, 0, 1
20, 8, 1, 1, 0, 502, 0, 0, 0, 30, 2, 261, 1, 0, 0, 0, 0
31, 3, 0, 1, 0, 360, 1, 1, 0, 29, 6, 89, 1, 241, 1, 1, 1
40, 2, 0, 2, 0, 194, 0, 1, 0, 29, 5, 189, 2, 0, 0, 0, 1
56, 5, 0, 1, 0, 4073, 0, 0, 0, 27, 5, 239, 5, 0, 0, 0, 1
37, 7, 1, 2, 0, 2317, 1, 0, 0, 20, 2, 114, 1, 152, 2, 1, 1
25, 3, 1, 0, 0, 1, 1, 0, 1, 23, 1, 250, 1, 0, 0, 0, 1
31, 1, 0, 1, 0, 132, 0, 0, 0, 7, 7, 148, 1, 152, 1, 2, 1
38, 2, 2, 3, 0, 0, 1, 0, 0, 18, 8, 96, 2, 0, 0, 0, 1
42, 2, 2, 2, 0, 16, 0, 0, 0, 19, 8, 140, 3, 0, 0, 0, 1
44, 1, 1, 1, 0, 106, 0, 0, 1, 12, 3, 109, 2, 0, 0, 0, 1
44, 6, 0, 1, 0, 93, 0, 0, 0, 7, 7, 125, 2, 0, 0, 0, 1
26, 9, 0, 2, 0, 543, 0, 0, 0, 30, 6, 169, 3, 0, 0, 0, 1
41, 2, 0, 2, 0, 5883, 0, 0, 0, 20, 8, 182, 2, 0, 0, 0, 1
55, 3, 0, 0, 0, 627, 1, 0, 1, 5, 1, 247, 1, 0, 0, 0, 1
67, 10, 0, 3, 0, 696, 0, 0, 2, 17, 5, 119, 1, 105, 2, 1, 1
56, 4, 0, 1, 0, 784, 0, 1, 0, 30, 7, 149, 2, 0, 0, 0, 1
53, 7, 0, 1, 0, 105, 0, 1, 0, 21, 5, 74, 2, 0, 0, 0, 1
68, 10, 2, 1, 0, 4189, 0, 0, 2, 14, 7, 897, 2, 0, 0, 0, 0
31, 5, 0, 1, 0, 171, 0, 0, 0, 27, 5, 81, 3, 0, 0, 0, 1
59, 2, 0, 1, 0, 42, 0, 0, 0, 21, 8, 40, 1, 0, 0, 0, 1
32, 2, 1, 2, 0, 2536, 1, 0, 0, 26, 5, 958, 6, 0, 0, 0, 0
49, 5, 0, 2, 0, 1235, 0, 0, 0, 13, 5, 354, 3, 0, 0, 0, 0
42, 7, 2, 1, 0, 1811, 1, 0, 1, 14, 1, 150, 1, 0, 0, 0, 1
78, 10, 2, 0, 0, 229, 0, 0, 2, 22, 0, 97, 1, 0, 0, 0, 0
32, 3, 0, 1, 0, 2089, 1, 0, 0, 14, 8, 132, 1, 0, 0, 0, 0
33, 2, 0, 1, 0, 3935, 1, 0, 0, 6, 1, 765, 1, 342, 2, 1, 0
23, 1, 1, 2, 0, 363, 1, 0, 1, 30, 1, 16, 18, 0, 0, 0, 1
38, 2, 1, 2, 0, 11971, 1, 0, 1, 17, 8, 609, 2, 101, 3, 1, 1
36, 2, 1, 2, 0, 553, 0, 0, 0, 11, 5, 106, 2, 0, 0, 0, 1
52, 3, 0, 1, 0, 1117, 1, 0, 0, 13, 1, 365, 1, 0, 0, 0, 1
32, 5, 0, 2, 0, 396, 1, 0, 0, 13, 1, 205, 3, 0, 0, 0, 1
32, 5, 1, 2, 0, 2204, 1, 0, 0, 21, 8, 11, 4, 0, 0, 0, 1
34, 2, 1, 2, 0, 872, 1, 0, 1, 7, 1, 105, 2, 0, 0, 0, 1
55, 3, 0, 0, 0, 145, 0, 0, 2, 2, 4, 59, 3, 5, 2, 2, 1
26, 3, 0, 0, 0, 0, 1, 0, 1, 21, 1, 425, 1, 0, 0, 0, 1
32, 6, 1, 0, 1, 2, 1, 1, 0, 4, 4, 204, 1, 0, 0, 0, 1
61, 7, 0, 3, 0, 4629, 1, 0, 0, 27, 6, 181, 1, 92, 1, 3, 0
45, 3, 2, 0, 0, 844, 0, 0, 1, 5, 3, 1018, 3, 0, 0, 0, 0
37, 5, 1, 1, 0, 228, 1, 0, 0, 20, 5, 1740, 2, 0, 0, 0, 1
38, 5, 1, 1, 0, 50, 0, 0, 0, 29, 5, 98, 2, 0, 0, 0, 1
34, 5, 0, 2, 0, 1539, 1, 0, 0, 15, 3, 441, 1, 56, 1, 2, 0
53, 3, 0, 1, 0, 2231, 1, 0, 0, 14, 7, 272, 3, 0, 0, 0, 1
48, 7, 0, 1, 0, 3064, 1, 0, 2, 15, 7, 159, 2, 0, 0, 0, 1
57, 2, 0, 1, 0, 82, 0, 1, 2, 4, 4, 140, 1, 0, 0, 0, 1
33, 4, 1, 2, 0, 2155, 0, 0, 0, 17, 8, 295, 1, 0, 0, 0, 1
36, 10, 1, 1, 0, 101, 1, 1, 1, 26, 1, 314, 1, 0, 0, 0, 1
54, 5, 2, 1, 0, 784, 1, 1, 1, 15, 1, 579, 1, 0, 0, 0, 1
41, 3, 0, 0, 0, 3, 0, 1, 2, 8, 7, 554, 3, 0, 0, 0, 1
63, 10, 0, 1, 0, 415, 1, 0, 0, 7, 0, 323, 1, 0, 0, 0, 1
48, 2, 0, 2, 0, 5887, 0, 0, 0, 13, 5, 227, 2, 0, 0, 0, 1
48, 1, 0, 1, 0, 1355, 0, 0, 0, 4, 7, 134, 2, 0, 0, 0, 1
56, 7, 0, 1, 0, 16873, 0, 0, 0, 7, 0, 223, 1, 0, 0, 0, 1
51, 3, 2, 1, 0, 203, 1, 0, 0, 8, 1, 134, 1, 170, 5, 1, 1
31, 1, 0, 1, 0, 338, 1, 0, 0, 28, 6, 155, 1, 0, 0, 0, 1
29, 5, 0, 1, 0, 444, 1, 0, 0, 21, 7, 130, 4, 0, 0, 0, 1
41, 2, 0, 1, 0, 0, 0, 1, 0, 7, 7, 630, 3, 0, 0, 0, 1
32, 5, 1, 2, 0, 360, 0, 0, 0, 19, 8, 164, 2, 0, 0, 0, 1
37, 2, 0, 2, 0, 0, 0, 0, 0, 16, 7, 268, 2, 182, 3, 3, 0
42, 6, 2, 2, 1, 2, 1, 0, 1, 5, 1, 380, 1, 0, 0, 0, 1
31, 2, 1, 2, 0, 6248, 1, 0, 1, 9, 1, 154, 2, 0, 0, 0, 1
41, 1, 0, 2, 0, 412, 1, 0, 1, 3, 3, 154, 5, 0, 0, 0, 1
56, 10, 0, 1, 0, 344, 1, 0, 1, 15, 1, 221, 1, 0, 0, 0, 1
54, 2, 2, 2, 0, 3222, 0, 0, 0, 14, 5, 67, 2, 0, 0, 0, 1
41, 3, 2, 1, 0, 174, 1, 0, 0, 14, 1, 367, 2, 297, 1, 2, 1
40, 5, 1, 1, 0, 591, 0, 1, 0, 14, 5, 87, 6, 0, 0, 0, 1
50, 3, 2, 0, 0, 388, 0, 0, 0, 5, 4, 701, 1, 0, 0, 0, 1
40, 0, 0, 1, 0, 219, 1, 0, 0, 17, 8, 204, 2, 196, 1, 1, 1
27, 7, 2, 1, 0, 451, 1, 0, 0, 16, 7, 652, 1, 0, 0, 0, 0
60, 10, 0, 0, 0, 5, 0, 0, 0, 26, 5, 63, 2, 0, 0, 0, 1
28, 7, 1, 1, 0, 177, 1, 1, 0, 6, 1, 150, 1, 0, 0, 0, 1
52, 1, 0, 1, 0, 657, 0, 0, 2, 7, 7, 398, 2, 460, 2, 1, 0
37, 2, 0, 2, 0, 1315, 0, 0, 0, 30, 3, 224, 1, 0, 0, 0, 0
51, 3, 0, 0, 0, 1466, 1, 0, 1, 7, 1, 406, 2, 0, 0, 0, 1
41, 5, 1, 1, 0, 879, 0, 1, 0, 7, 7, 60, 4, 0, 0, 0, 1
35, 3, 1, 0, 0, 293, 1, 0, 1, 30, 1, 521, 2, 0, 0, 0, 1
38, 7, 0, 1, 0, 424, 1, 0, 0, 17, 2, 279, 1, 0, 0, 0, 1
34, 3, 0, 1, 0, 1831, 1, 0, 1, 20, 1, 203, 2, 0, 0, 0, 1
39, 3, 0, 0, 0, 111, 0, 0, 0, 18, 8, 201, 2, 0, 0, 0, 1
34, 3, 0, 0, 0, 455, 1, 0, 1, 20, 3, 372, 3, 0, 0, 0, 1
27, 1, 1, 1, 0, 4, 1, 0, 0, 18, 1, 391, 1, 0, 0, 0, 0
32, 2, 1, 2, 0, 3616, 0, 0, 0, 14, 5, 165, 2, 0, 0, 0, 1
57, 3, 0, 1, 0, 14093, 0, 0, 0, 11, 5, 231, 5, 0, 0, 0, 1
41, 11, 1, 2, 0, 1567, 0, 0, 0, 1, 7, 291, 2, 0, 0, 0, 1
41, 7, 0, 2, 0, 5426, 1, 0, 1, 14, 1, 149, 2, 0, 0, 0, 1
30, 7, 1, 2, 0, 261, 0, 0, 0, 19, 0, 233, 1, 137, 20, 1, 1
36, 3, 2, 1, 0, 2843, 0, 0, 0, 12, 4, 473, 1, 182, 1, 3, 1
31, 0, 1, 0, 0, 406, 0, 0, 0, 4, 4, 736, 1, 0, 0, 0, 0
36, 3, 0, 1, 0, 0, 1, 0, 1, 6, 1, 337, 1, 0, 0, 0, 1
38, 2, 1, 2, 0, 493, 1, 0, 0, 11, 1, 553, 1, 367, 7, 1, 1
49, 5, 0, 1, 0, 5996, 0, 0, 2, 21, 8, 345, 2, 0, 0, 0, 1
57, 1, 1, 0, 0, 3777, 1, 0, 2, 13, 1, 65, 2, 0, 0, 0, 1
34, 2, 1, 1, 0, 524, 0, 0, 1, 13, 5, 9, 1, 0, 0, 0, 1
32, 2, 1, 2, 0, 574, 1, 0, 0, 14, 2, 259, 2, 145, 3, 1, 1
37, 3, 0, 1, 0, 427, 1, 1, 1, 9, 3, 371, 3, 0, 0, 0, 1
33, 4, 0, 2, 0, 483, 1, 0, 0, 3, 4, 280, 2, 0, 0, 0, 1
56, 0, 0, 0, 0, 3391, 0, 0, 0, 21, 2, 243, 1, 0, 0, 0, 0
27, 9, 0, 0, 0, 0, 1, 0, 0, 23, 7, 435, 3, 0, 0, 0, 1
21, 8, 1, 1, 0, 2488, 0, 0, 0, 30, 3, 258, 6, 169, 3, 3, 0
58, 2, 0, 2, 0, 1517, 1, 0, 2, 29, 7, 7, 5, 0, 0, 0, 1
32, 4, 0, 1, 0, 217, 1, 1, 0, 15, 7, 317, 5, 0, 0, 0, 1
33, 3, 1, 1, 0, 22, 0, 0, 0, 30, 6, 76, 2, 207, 1, 1, 1
25, 8, 1, 1, 0, 331, 0, 0, 2, 26, 5, 170, 4, 0, 0, 0, 0
25, 5, 1, 1, 0, 505, 0, 1, 0, 17, 8, 386, 2, 0, 0, 0, 0
30, 1, 0, 1, 0, 1808, 1, 0, 0, 18, 1, 83, 2, 0, 0, 0, 1
22, 7, 1, 1, 0, 4111, 0, 1, 0, 19, 5, 65, 1, 0, 0, 0, 1
39, 3, 0, 0, 0, 52, 0, 0, 0, 13, 5, 69, 1, 0, 0, 0, 1
46, 2, 2, 2, 0, 25, 0, 0, 1, 17, 3, 564, 2, 0, 0, 0, 1
31, 7, 2, 1, 0, 1890, 1, 0, 0, 21, 7, 588, 1, 0, 0, 0, 1
45, 3, 0, 0, 0, 419, 0, 0, 0, 18, 5, 113, 4, 0, 0, 0, 1
32, 5, 0, 1, 0, 2693, 1, 0, 1, 21, 1, 16, 1, 0, 0, 0, 1
36, 3, 0, 1, 0, 5, 0, 1, 0, 15, 7, 779, 2, 0, 0, 0, 1
51, 2, 1, 2, 1, 6, 1, 0, 0, 11, 1, 281, 2, 266, 6, 1, 1
34, 4, 1, 2, 0, 462, 0, 0, 0, 21, 5, 1877, 3, 0, 0, 0, 0
24, 0, 1, 1, 0, 119, 0, 0, 1, 15, 9, 51, 1, 0, 0, 0, 1
45, 5, 1, 1, 0, 586, 0, 1, 0, 28, 7, 32, 3, 0, 0, 0, 1
32, 3, 1, 1, 0, 228, 0, 0, 2, 5, 4, 176, 1, 288, 3, 1, 1
77, 10, 2, 2, 0, 4659, 0, 0, 0, 14, 2, 161, 1, 0, 0, 0, 0
41, 3, 0, 0, 0, 168, 1, 0, 0, 18, 8, 187, 3, 0, 0, 0, 1
37, 3, 0, 0, 0, 0, 1, 0, 1, 26, 1, 24, 1, 0, 0, 0, 1
43, 3, 0, 3, 1, 7, 1, 0, 1, 30, 1, 67, 3, 0, 0, 0, 1
48, 7, 0, 3, 0, 0, 1, 0, 0, 8, 1, 85, 1, 168, 2, 1, 1
27, 5, 1, 1, 0, 769, 1, 0, 1, 9, 1, 317, 2, 0, 0, 0, 1
33, 2, 1, 2, 0, 0, 0, 0, 0, 28, 5, 236, 10, 0, 0, 0, 1
29, 7, 1, 1, 0, 428, 1, 1, 0, 7, 1, 54, 1, 345, 2, 1, 1
34, 2, 1, 2, 0, 0, 0, 0, 0, 5, 4, 71, 1, 0, 0, 0, 1
52, 2, 0, 2, 0, 8, 1, 0, 0, 4, 4, 489, 1, 0, 0, 0, 0
60, 2, 0, 3, 0, 6313, 0, 0, 1, 19, 3, 39, 2, 0, 0, 0, 1
32, 2, 2, 2, 0, 948, 0, 0, 0, 12, 5, 204, 2, 0, 0, 0, 1
32, 2, 1, 2, 0, 0, 1, 0, 0, 22, 7, 455, 2, 0, 0, 0, 1
56, 1, 2, 3, 0, 1877, 1, 0, 1, 30, 1, 86, 1, 0, 0, 0, 1
31, 2, 1, 2, 0, 874, 1, 0, 0, 18, 8, 190, 2, 0, 0, 0, 1
42, 7, 0, 1, 0, 323, 1, 1, 1, 8, 1, 280, 2, 0, 0, 0, 1
35, 2, 0, 2, 0, 106, 0, 1, 0, 11, 5, 588, 2, 0, 0, 0, 1
56, 10, 0, 0, 0, 1906, 0, 1, 1, 19, 3, 45, 9, 0, 0, 0, 1
48, 5, 0, 1, 0, 1152, 1, 0, 0, 21, 7, 168, 5, 0, 0, 0, 1
46, 7, 0, 1, 0, 179, 1, 0, 0, 29, 6, 194, 4, 436, 1, 2, 1
37, 5, 1, 3, 0, 391, 1, 0, 1, 8, 1, 103, 3, 0, 0, 0, 1
41, 6, 0, 3, 0, 89, 1, 0, 1, 6, 1, 333, 2, 0, 0, 0, 1
36, 2, 1, 2, 0, 442, 1, 1, 0, 29, 7, 102, 3, 0, 0, 0, 1
45, 0, 2, 0, 1, 9, 1, 1, 1, 1, 7, 92, 1, 0, 0, 0, 1
55, 6, 0, 1, 0, 8104, 0, 0, 0, 6, 4, 213, 2, 0, 0, 0, 1
39, 5, 0, 1, 0, 501, 0, 0, 1, 26, 1, 289, 1, 0, 0, 0, 1
35, 5, 2, 1, 0, 308, 0, 0, 0, 22, 5, 77, 2, 0, 0, 0, 1
55, 7, 0, 1, 0, 602, 0, 0, 0, 1, 3, 324, 3, 90, 2, 3, 0
55, 5, 0, 1, 0, 273, 1, 0, 0, 29, 6, 84, 3, 183, 3, 1, 1
27, 4, 1, 1, 0, 50, 0, 0, 0, 29, 6, 168, 1, 0, 0, 0, 1
34, 5, 0, 1, 0, 1641, 1, 0, 0, 17, 2, 380, 1, 0, 0, 0, 1
34, 3, 0, 2, 0, 20, 0, 0, 1, 4, 0, 10, 1, 0, 0, 0, 1
25, 7, 1, 1, 0, 4590, 1, 0, 1, 28, 1, 199, 2, 0, 0, 0, 1
41, 7, 1, 1, 0, 10, 0, 1, 1, 9, 1, 35, 3, 0, 0, 0, 1
43, 1, 0, 1, 0, 978, 1, 1, 1, 26, 1, 82, 2, 0, 0, 0, 1
28, 2, 1, 2, 0, 80, 0, 0, 0, 20, 0, 676, 2, 146, 2, 1, 0
31, 7, 1, 1, 0, 2104, 1, 0, 1, 3, 3, 455, 1, 0, 0, 0, 1
78, 9, 0, 1, 0, 499, 0, 0, 2, 16, 10, 80, 4, 0, 0, 0, 1
45, 3, 2, 1, 0, 1269, 1, 0, 0, 29, 6, 549, 2, 0, 0, 0, 1
48, 5, 0, 2, 0, 310, 0, 0, 1, 6, 1, 135, 1, 0, 0, 0, 1
32, 3, 1, 1, 0, 1143, 1, 1, 0, 10, 7, 412, 1, 0, 0, 0, 1
42, 5, 0, 1, 0, 2980, 0, 0, 1, 20, 3, 101, 3, 0, 0, 0, 1
37, 2, 1, 2, 0, 37, 0, 0, 0, 28, 6, 253, 2, 0, 0, 0, 1
40, 7, 1, 1, 0, 462, 1, 1, 0, 6, 2, 272, 1, 335, 4, 2, 1
32, 7, 0, 1, 0, 1031, 1, 0, 0, 17, 7, 84, 1, 0, 0, 0, 1
42, 2, 0, 2, 0, 9009, 0, 0, 0, 20, 8, 135, 2, 0, 0, 0, 1
43, 7, 0, 1, 0, 11, 1, 1, 0, 23, 7, 166, 1, 0, 0, 0, 1
44, 7, 0, 1, 0, 5181, 1, 1, 0, 31, 7, 18, 7, 0, 0, 0, 1
37, 7, 0, 1, 0, 176, 1, 0, 0, 5, 1, 147, 2, 347, 1, 1, 1
37, 11, 0, 3, 0, 1699, 0, 0, 1, 9, 3, 63, 1, 0, 0, 0, 1
37, 7, 0, 2, 0, 0, 1, 0, 0, 17, 8, 65, 2, 119, 1, 1, 1
28, 5, 1, 2, 0, 172, 1, 1, 0, 2, 4, 194, 2, 0, 0, 0, 1
32, 1, 1, 1, 0, 0, 0, 1, 0, 11, 7, 333, 2, 0, 0, 0, 1
34, 7, 1, 1, 0, 6979, 1, 0, 0, 15, 1, 14, 5, 0, 0, 0, 1
40, 7, 2, 1, 0, 6, 0, 0, 1, 11, 3, 140, 1, 0, 0, 0, 1
34, 1, 0, 1, 0, 12, 1, 0, 1, 16, 3, 109, 3, 0, 0, 0, 1
34, 4, 0, 2, 0, 1972, 1, 0, 0, 23, 7, 61, 2, 0, 0, 0, 1
34, 7, 0, 2, 0, 899, 1, 0, 2, 19, 8, 377, 3, 7, 4, 3, 1
37, 1, 1, 1, 0, 21, 1, 0, 0, 2, 4, 96, 1, 271, 2, 2, 1
36, 5, 0, 1, 0, 23, 1, 0, 0, 8, 1, 152, 2, 347, 1, 1, 1
56, 10, 0, 1, 0, 13, 1, 0, 0, 15, 3, 382, 2, 0, 0, 0, 0
49, 3, 0, 0, 0, 0, 1, 1, 2, 23, 7, 97, 6, 0, 0, 0, 1
33, 4, 0, 1, 0, 215, 1, 0, 0, 29, 7, 543, 12, 0, 0, 0, 1
30, 2, 1, 2, 0, 1372, 0, 0, 0, 20, 8, 240, 2, 0, 0, 0, 1
36, 1, 0, 1, 0, 1981, 0, 0, 1, 17, 3, 48, 2, 0, 0, 0, 1
23, 8, 1, 1, 0, 9216, 0, 0, 0, 5, 3, 471, 2, 0, 0, 0, 1
57, 10, 2, 1, 0, 39, 1, 0, 0, 30, 7, 354, 3, 0, 0, 0, 1
27, 3, 1, 1, 0, 5563, 1, 0, 1, 30, 1, 435, 2, 0, 0, 0, 1
38, 1, 0, 1, 0, 1, 0, 1, 0, 21, 8, 152, 2, 0, 0, 0, 1
42, 5, 0, 2, 0, 782, 0, 0, 0, 3, 2, 285, 1, 0, 0, 0, 1
75, 10, 0, 1, 0, 3771, 0, 0, 2, 15, 2, 185, 1, 181, 2, 3, 0
34, 5, 1, 2, 0, 992, 1, 0, 0, 4, 1, 301, 1, 88, 2, 3, 1
48, 5, 0, 1, 0, 1526, 0, 0, 0, 6, 5, 273, 2, 0, 0, 0, 1
35, 5, 1, 2, 0, 2658, 1, 0, 0, 19, 5, 768, 2, 141, 3, 1, 0
39, 2, 2, 2, 0, 1315, 1, 0, 0, 19, 8, 1337, 4, 126, 1, 1, 1
29, 3, 1, 2, 0, 455, 0, 0, 2, 21, 2, 403, 1, 0, 0, 0, 0
45, 5, 1, 2, 0, 0, 1, 0, 0, 18, 8, 139, 2, 0, 0, 0, 1
42, 5, 0, 1, 0, 2030, 1, 1, 0, 9, 7, 196, 1, 0, 0, 0, 1
29, 5, 0, 1, 0, 1599, 1, 0, 0, 8, 7, 115, 1, 61, 1, 1, 1
38, 1, 1, 1, 0, 14, 1, 0, 0, 2, 4, 60, 1, 271, 1, 1, 1
56, 10, 0, 1, 0, 1333, 0, 0, 0, 28, 5, 17, 14, 0, 0, 0, 1
36, 5, 1, 1, 0, 9149, 1, 0, 0, 13, 5, 141, 3, 0, 0, 0, 1
25, 3, 1, 1, 0, 15, 1, 0, 1, 23, 3, 95, 3, 0, 0, 0, 1
38, 5, 0, 2, 0, 432, 1, 0, 0, 15, 1, 10, 2, 373, 1, 2, 1
57, 4, 0, 1, 0, 11494, 0, 0, 0, 19, 8, 198, 1, 0, 0, 0, 1
31, 2, 0, 2, 1, 16, 0, 0, 0, 12, 5, 220, 4, 0, 0, 0, 1
42, 2, 0, 2, 0, 372, 1, 0, 0, 3, 5, 654, 2, 0, 0, 0, 0
45, 5, 0, 1, 0, 1410, 0, 0, 0, 11, 5, 71, 2, 0, 0, 0, 1
30, 3, 0, 1, 0, 975, 1, 0, 0, 13, 1, 256, 2, 351, 2, 1, 1
49, 3, 0, 0, 0, 305, 1, 1, 2, 10, 7, 834, 10, 0, 0, 0, 1
49, 1, 0, 1, 0, 400, 0, 0, 0, 21, 5, 151, 3, 0, 0, 0, 1
53, 10, 0, 2, 0, 17, 1, 0, 0, 31, 7, 20, 3, 0, 0, 0, 1
37, 5, 0, 1, 0, 4030, 1, 0, 1, 26, 1, 178, 5, 0, 0, 0, 1
49, 3, 0, 0, 0, 365, 0, 0, 1, 26, 1, 59, 2, 0, 0, 0, 1
41, 4, 0, 0, 0, 204, 0, 0, 0, 13, 5, 111, 7, 0, 0, 0, 1
54, 2, 0, 0, 0, 1691, 1, 0, 0, 20, 8, 186, 1, 0, 0, 0, 1
32, 1, 1, 1, 0, 406, 1, 0, 1, 6, 1, 227, 1, 0, 0, 0, 1
33, 5, 0, 1, 0, 18, 0, 0, 0, 15, 1, 297, 3, 0, 0, 0, 1
33, 5, 0, 1, 0, 359, 1, 0, 0, 20, 2, 210, 1, 242, 1, 2, 1
36, 3, 0, 0, 0, 123, 1, 0, 0, 18, 1, 9, 1, 0, 0, 0, 1
35, 5, 0, 2, 0, 0, 1, 1, 0, 23, 9, 112, 1, 62, 6, 2, 1
52, 11, 0, 1, 0, 142, 0, 0, 0, 25, 5, 112, 6, 0, 0, 0, 1
40, 6, 0, 2, 0, 3571, 0, 0, 1, 9, 3, 222, 3, 0, 0, 0, 1
44, 5, 1, 1, 0, 33, 1, 0, 0, 13, 1, 195, 3, 351, 10, 1, 1
45, 3, 1, 1, 0, 0, 1, 0, 0, 26, 7, 768, 2, 91, 5, 3, 1
30, 8, 1, 1, 0, 3096, 0, 0, 0, 26, 6, 123, 1, 0, 0, 0, 1
48, 5, 2, 1, 1, 20, 0, 0, 0, 27, 5, 145, 3, 0, 0, 0, 1
33, 3, 0, 1, 0, 3576, 1, 0, 0, 2, 2, 124, 1, 308, 2, 2, 1
57, 5, 0, 3, 0, 206, 1, 0, 1, 5, 1, 216, 3, 0, 0, 0, 1
57, 9, 0, 0, 0, 7082, 0, 0, 1, 6, 3, 69, 3, 0, 0, 0, 1
51, 0, 0, 2, 0, 1634, 1, 0, 0, 22, 7, 168, 4, 0, 0, 0, 1
34, 7, 1, 1, 0, 1, 1, 0, 0, 22, 7, 483, 7, 0, 0, 0, 1
50, 4, 0, 2, 0, 4012, 0, 0, 0, 19, 8, 690, 3, 0, 0, 0, 1
44, 2, 0, 2, 0, 3762, 0, 0, 0, 28, 5, 125, 12, 0, 0, 0, 1
27, 7, 0, 1, 0, 19, 1, 1, 1, 4, 3, 344, 2, 0, 0, 0, 1
50, 3, 0, 1, 0, 606, 1, 0, 1, 14, 1, 673, 2, 0, 0, 0, 1
36, 2, 0, 2, 0, 0, 1, 0, 0, 28, 6, 60, 1, 250, 1, 2, 1
42, 2, 0, 1, 0, 20, 1, 0, 1, 12, 1, 247, 2, 0, 0, 0, 1
32, 0, 1, 1, 0, 0, 0, 0, 0, 27, 1, 123, 2, 0, 0, 0, 1
42, 2, 0, 2, 0, 484, 1, 0, 0, 11, 7, 144, 2, 0, 0, 0, 1
43, 5, 0, 1, 0, 0, 0, 1, 0, 8, 1, 9, 2, 172, 5, 1, 1
31, 2, 0, 2, 0, 395, 1, 0, 0, 9, 4, 155, 3, 0, 0, 0, 1
32, 2, 0, 2, 0, 2349, 0, 0, 0, 14, 5, 134, 5, 0, 0, 0, 1
55, 3, 2, 0, 0, 410, 0, 1, 0, 11, 7, 221, 2, 0, 0, 0, 1
58, 10, 0, 0, 0, 3401, 1, 0, 0, 3, 4, 84, 3, 265, 2, 1, 1
46, 3, 0, 0, 0, 222, 0, 0, 0, 8, 5, 71, 2, 0, 0, 0, 1
55, 3, 0, 1, 0, 989, 1, 1, 1, 23, 1, 246, 4, 0, 0, 0, 1
34, 2, 0, 2, 0, 415, 0, 1, 0, 23, 7, 361, 2, 0, 0, 0, 1
28, 0, 1, 1, 0, 16, 0, 0, 0, 12, 5, 119, 4, 0, 0, 0, 1
42, 5, 2, 2, 0, 7190, 1, 0, 0, 29, 7, 375, 2, 0, 0, 0, 1
29, 3, 1, 1, 0, 482, 0, 1, 0, 10, 7, 1097, 3, 0, 0, 0, 0
54, 9, 0, 1, 0, 209, 1, 1, 0, 25, 7, 97, 1, 0, 0, 0, 1
32, 5, 1, 1, 0, 0, 0, 0, 0, 26, 5, 181, 2, 0, 0, 0, 1
39, 5, 1, 2, 0, 5803, 0, 0, 0, 2, 4, 83, 3, 0, 0, 0, 1
53, 6, 0, 2, 0, 624, 0, 1, 0, 21, 7, 180, 4, 0, 0, 0, 1
58, 5, 0, 2, 0, 883, 0, 0, 0, 18, 5, 543, 1, 78, 2, 1, 1
40, 4, 0, 1, 0, 1516, 1, 1, 1, 23, 1, 373, 1, 0, 0, 0, 1
29, 8, 1, 1, 0, 872, 1, 0, 1, 7, 1, 230, 1, 0, 0, 0, 1
33, 5, 0, 2, 0, 21, 1, 1, 0, 15, 7, 83, 3, 0, 0, 0, 1
38, 7, 1, 1, 0, 902, 1, 0, 2, 31, 7, 58, 13, 0, 0, 0, 1
56, 1, 2, 1, 0, 1007, 0, 0, 0, 29, 7, 88, 6, 0, 0, 0, 1
40, 1, 0, 1, 0, 0, 1, 0, 0, 2, 3, 297, 1, 28, 3, 1, 1
24, 3, 1, 1, 0, 174, 1, 1, 0, 18, 1, 487, 1, 0, 0, 0, 0
46, 2, 0, 1, 0, 12186, 0, 0, 1, 20, 3, 29, 3, 0, 0, 0, 1
35, 4, 0, 1, 0, 524, 1, 0, 0, 21, 8, 484, 4, 0, 0, 0, 1
35, 3, 1, 2, 0, 0, 1, 0, 0, 21, 7, 262, 4, 0, 0, 0, 1
34, 5, 0, 1, 0, 4, 1, 0, 1, 15, 1, 644, 1, 0, 0, 0, 1
35, 9, 0, 2, 0, 11219, 0, 0, 0, 12, 5, 699, 2, 79, 1, 1, 1
38, 5, 1, 2, 0, 0, 0, 0, 0, 28, 5, 247, 2, 0, 0, 0, 1
50, 3, 0, 0, 0, 5776, 0, 0, 0, 18, 8, 49, 3, 0, 0, 0, 1
51, 3, 2, 0, 0, 37, 1, 0, 0, 13, 1, 341, 1, 0, 0, 0, 1
59, 4, 0, 2, 0, 593, 0, 0, 1, 13, 1, 64, 2, 0, 0, 0, 1
32, 3, 0, 1, 0, 1148, 1, 0, 0, 20, 2, 121, 1, 0, 0, 0, 1
37, 3, 1, 1, 0, 3561, 1, 0, 1, 2, 3, 98, 1, 0, 0, 0, 1
42, 7, 2, 1, 0, 63, 0, 0, 1, 16, 1, 88, 6, 0, 0, 0, 1
40, 8, 0, 1, 0, 260, 0, 0, 1, 20, 3, 197, 6, 0, 0, 0, 1
28, 5, 1, 2, 0, 2269, 1, 0, 1, 9, 1, 331, 1, 0, 0, 0, 1
47, 7, 0, 1, 0, 1060, 1, 0, 1, 6, 3, 83, 3, 0, 0, 0, 1
27, 4, 0, 1, 0, 22, 1, 0, 1, 26, 1, 138, 2, 0, 0, 0, 1
41, 2, 0, 2, 0, 49, 1, 0, 0, 17, 7, 312, 5, 0, 0, 0, 1
34, 7, 0, 2, 0, 69, 0, 1, 0, 4, 5, 120, 3, 1, 6, 3, 0
50, 3, 0, 0, 0, 4108, 1, 0, 0, 7, 5, 526, 2, 0, 0, 0, 0
47, 3, 0, 1, 0, 480, 1, 0, 1, 28, 1, 211, 2, 0, 0, 0, 1
53, 1, 0, 1, 0, 4994, 0, 0, 0, 18, 5, 62, 6, 0, 0, 0, 1
53, 5, 2, 1, 0, 0, 1, 1, 0, 15, 7, 135, 5, 0, 0, 0, 1
47, 2, 0, 2, 0, 3681, 0, 0, 0, 14, 5, 101, 2, 0, 0, 0, 1
49, 6, 2, 3, 1, 23, 1, 0, 0, 30, 7, 988, 2, 0, 0, 0, 0
29, 2, 0, 2, 0, 451, 0, 0, 0, 28, 6, 451, 1, 0, 0, 0, 1
45, 3, 2, 0, 0, 24, 1, 0, 1, 23, 1, 1030, 1, 0, 0, 0, 0
38, 6, 0, 1, 0, 593, 1, 1, 0, 24, 7, 1484, 24, 0, 0, 0, 0
32, 3, 0, 1, 0, 759, 1, 0, 0, 9, 2, 317, 5, 0, 0, 0, 0
70, 10, 2, 0, 0, 4531, 0, 0, 0, 18, 1, 445, 1, 0, 0, 0, 1
65, 10, 2, 0, 0, 1840, 0, 0, 0, 1, 3, 383, 2, 188, 5, 1, 1
56, 3, 0, 1, 0, 345, 1, 0, 2, 22, 7, 605, 1, 0, 0, 0, 1
35, 3, 0, 1, 0, 1287, 1, 0, 0, 14, 7, 330, 2, 0, 0, 0, 1
56, 2, 0, 3, 0, 353, 0, 1, 0, 25, 7, 171, 2, 0, 0, 0, 1
56, 5, 0, 1, 0, 205, 0, 1, 0, 23, 7, 442, 2, 0, 0, 0, 1
49, 6, 0, 1, 0, 687, 1, 0, 0, 17, 2, 772, 1, 0, 0, 0, 0
38, 0, 0, 0, 0, 1147, 1, 1, 1, 8, 1, 249, 5, 0, 0, 0, 1
35, 2, 0, 2, 0, 4286, 1, 0, 1, 9, 1, 357, 1, 0, 0, 0, 1
38, 7, 0, 2, 0, 605, 0, 0, 0, 18, 8, 147, 2, 0, 0, 0, 1
49, 3, 0, 1, 0, 8545, 1, 1, 0, 6, 1, 199, 7, 167, 1, 1, 1
55, 2, 0, 3, 0, 559, 0, 0, 0, 28, 6, 271, 2, 0, 0, 0, 1
43, 3, 1, 0, 0, 2, 1, 0, 0, 30, 7, 783, 3, 0, 0, 0, 1
43, 2, 0, 2, 0, 2, 0, 1, 0, 20, 5, 472, 2, 0, 0, 0, 1
25, 7, 1, 2, 0, 760, 1, 0, 0, 27, 1, 223, 3, 89, 2, 1, 0
30, 3, 0, 0, 0, 1317, 1, 0, 1, 21, 1, 395, 2, 0, 0, 0, 1
46, 3, 0, 1, 0, 182, 0, 0, 0, 4, 4, 56, 1, 0, 0, 0, 1
50, 7, 0, 0, 0, 276, 0, 1, 1, 17, 3, 641, 6, 0, 0, 0, 1
35, 6, 0, 1, 0, 2971, 0, 0, 0, 4, 1, 429, 4, 164, 2, 1, 0
26, 0, 1, 1, 0, 1064, 0, 0, 1, 31, 1, 113, 1, 0, 0, 0, 1
45, 7, 0, 3, 0, 1783, 0, 0, 1, 20, 3, 11, 11, 0, 0, 0, 1
37, 3, 0, 1, 0, 25, 0, 0, 0, 2, 4, 157, 1, 0, 0, 0, 1
60, 4, 1, 2, 0, 179, 0, 1, 0, 29, 7, 79, 4, 0, 0, 0, 1
38, 2, 0, 2, 0, 1199, 0, 0, 0, 4, 5, 178, 1, 1, 1, 3, 0
47, 3, 0, 0, 0, 214, 1, 1, 1, 9, 3, 168, 1, 0, 0, 0, 1
33, 5, 0, 1, 0, 6699, 0, 0, 0, 9, 8, 425, 1, 462, 1, 1, 1
51, 0, 0, 1, 0, 1760, 0, 1, 0, 19, 8, 162, 1, 0, 0, 0, 1
35, 6, 1, 2, 0, 145, 1, 0, 0, 18, 7, 799, 2, 0, 0, 0, 0
35, 0, 0, 1, 0, 978, 0, 0, 0, 29, 11, 1370, 3, 209, 3, 3, 0
48, 7, 1, 1, 0, 1150, 1, 0, 1, 28, 1, 357, 1, 0, 0, 0, 1
37, 7, 0, 1, 0, 121, 0, 0, 0, 22, 7, 22, 6, 0, 0, 0, 1
29, 5, 1, 2, 0, 828, 1, 0, 0, 16, 2, 215, 3, 321, 3, 2, 1
34, 7, 0, 1, 0, 244, 1, 0, 0, 31, 7, 56, 4, 0, 0, 0, 1
32, 1, 0, 0, 0, 228, 1, 0, 0, 21, 7, 1017, 6, 0, 0, 0, 0
30, 2, 1, 2, 0, 424, 0, 0, 0, 16, 2, 298, 4, 0, 0, 0, 0
47, 2, 2, 2, 0, 447, 0, 1, 1, 7, 1, 126, 1, 0, 0, 0, 1
33, 3, 0, 0, 0, 4, 0, 0, 1, 20, 9, 9, 1, 0, 0, 0, 1
33, 2, 1, 2, 0, 1410, 1, 0, 0, 5, 4, 8, 1, 254, 5, 1, 1
63, 10, 0, 0, 0, 1084, 0, 0, 0, 14, 0, 201, 1, 183, 1, 3, 1
51, 4, 2, 0, 0, 10924, 0, 0, 0, 6, 1, 106, 2, 0, 0, 0, 1
41, 2, 0, 2, 0, 832, 1, 1, 0, 21, 8, 164, 1, 176, 1, 1, 1
56, 10, 0, 2, 0, 478, 0, 0, 0, 5, 4, 97, 1, 0, 0, 0, 1
60, 2, 1, 2, 0, 0, 0, 1, 0, 23, 7, 151, 1, 0, 0, 0, 1
41, 4, 1, 2, 0, 3950, 1, 0, 1, 30, 1, 96, 2, 0, 0, 0, 1
37, 2, 1, 3, 0, 504, 1, 0, 0, 16, 2, 555, 1, 0, 0, 0, 1
36, 3, 1, 1, 0, 219, 1, 1, 0, 11, 1, 270, 2, 347, 1, 1, 1
57, 2, 0, 2, 0, 1602, 0, 0, 0, 29, 7, 339, 3, 0, 0, 0, 1
55, 2, 0, 0, 0, 2587, 0, 0, 0, 4, 9, 328, 2, 94, 2, 3, 0
44, 7, 0, 1, 0, 0, 1, 1, 1, 16, 1, 159, 1, 0, 0, 0, 1
47, 4, 0, 2, 0, 2303, 1, 0, 0, 6, 1, 323, 2, 364, 1, 1, 1
31, 3, 0, 1, 0, 1660, 1, 0, 0, 20, 2, 342, 1, 0, 0, 0, 1
35, 2, 0, 2, 1, 32, 1, 0, 0, 21, 8, 180, 1, 0, 0, 0, 1
39, 2, 0, 2, 0, 278, 0, 1, 0, 28, 7, 60, 3, 0, 0, 0, 1
50, 2, 0, 2, 0, 4, 0, 0, 0, 17, 8, 223, 1, 96, 2, 1, 1
29, 2, 0, 2, 0, 318, 1, 0, 0, 18, 1, 1434, 2, 356, 4, 1, 1
30, 1, 1, 1, 0, 209, 1, 0, 1, 6, 1, 30, 2, 0, 0, 0, 1
46, 1, 0, 1, 0, 271, 1, 0, 1, 16, 1, 134, 4, 0, 0, 0, 1
27, 2, 1, 3, 0, 3196, 0, 0, 0, 9, 4, 10, 2, 0, 0, 0, 1
48, 7, 2, 1, 0, 4099, 0, 0, 0, 2, 2, 397, 2, 0, 0, 0, 0
26, 8, 1, 1, 0, 2572, 1, 0, 0, 5, 1, 620, 1, 0, 0, 0, 1
36, 2, 1, 2, 0, 339, 0, 0, 0, 21, 8, 6, 6, 0, 0, 0, 1
42, 3, 0, 0, 0, 0, 1, 1, 0, 7, 1, 209, 2, 0, 0, 0, 1
50, 9, 0, 0, 0, 395, 1, 0, 1, 15, 1, 419, 2, 0, 0, 0, 1
49, 3, 0, 1, 0, 2039, 1, 0, 0, 18, 8, 283, 2, 0, 0, 0, 1
45, 2, 0, 2, 0, 5450, 0, 0, 0, 8, 5, 188, 2, 0, 0, 0, 1
23, 8, 1, 1, 0, 780, 0, 0, 0, 16, 9, 267, 1, 0, 0, 0, 1
38, 5, 1, 1, 0, 0, 1, 0, 0, 7, 2, 196, 2, 0, 0, 0, 1
32, 2, 1, 2, 0, 8436, 1, 0, 0, 17, 2, 245, 1, 149, 2, 1, 1
60, 5, 1, 0, 0, 11262, 0, 0, 0, 26, 5, 323, 1, 0, 0, 0, 0
30, 6, 0, 1, 0, 946, 1, 0, 0, 19, 8, 1065, 1, 183, 1, 2, 1
58, 9, 0, 2, 0, 497, 0, 0, 1, 11, 3, 138, 5, 0, 0, 0, 1
60, 10, 0, 0, 0, 55, 0, 0, 0, 4, 3, 207, 1, 0, 0, 0, 1
38, 1, 0, 1, 0, 26, 0, 0, 1, 25, 3, 456, 3, 0, 0, 0, 1
51, 5, 0, 1, 0, 27, 1, 0, 0, 5, 5, 261, 1, 0, 0, 0, 1
42, 7, 0, 1, 0, 28, 1, 0, 0, 11, 1, 80, 1, 308, 4, 1, 1
30, 1, 1, 1, 0, 0, 1, 0, 0, 18, 1, 131, 6, 363, 9, 1, 1
40, 2, 0, 0, 0, 733, 1, 0, 1, 6, 3, 94, 7, 0, 0, 0, 1
37, 2, 0, 2, 0, 393, 1, 0, 0, 14, 1, 567, 3, 275, 4, 1, 0
53, 5, 2, 0, 0, 7290, 1, 0, 1, 30, 1, 153, 1, 0, 0, 0, 1
27, 1, 1, 1, 0, 468, 1, 0, 0, 13, 1, 109, 1, 0, 0, 0, 1
39, 3, 0, 1, 0, 0, 1, 0, 0, 30, 2, 53, 1, 325, 1, 1, 1
39, 3, 0, 0, 0, 3705, 1, 0, 1, 16, 3, 77, 1, 0, 0, 0, 1
59, 10, 0, 2, 0, 9676, 0, 0, 2, 27, 10, 234, 2, 0, 0, 0, 0
37, 1, 0, 1, 0, 1328, 1, 0, 2, 13, 1, 121, 2, 341, 4, 1, 1
41, 3, 0, 0, 0, 8, 1, 0, 0, 15, 7, 155, 2, 0, 0, 0, 1
45, 3, 0, 0, 0, 61, 0, 0, 0, 17, 2, 108, 1, 0, 0, 0, 1
48, 2, 0, 2, 0, 6613, 0, 0, 1, 17, 3, 159, 3, 0, 0, 0, 1
48, 5, 0, 1, 0, 302, 1, 0, 1, 26, 1, 208, 3, 0, 0, 0, 1
32, 3, 0, 1, 0, 1005, 0, 0, 0, 12, 1, 215, 1, 0, 0, 0, 1
35, 1, 0, 1, 0, 109, 1, 0, 1, 6, 1, 597, 3, 0, 0, 0, 1
33, 2, 1, 2, 0, 1240, 1, 0, 0, 4, 4, 505, 2, 260, 1, 2, 1
28, 3, 1, 0, 0, 0, 1, 1, 1, 3, 3, 380, 4, 0, 0, 0, 1
64, 10, 0, 3, 0, 2923, 0, 0, 0, 12, 10, 120, 1, 0, 0, 0, 1
35, 5, 0, 1, 0, 0, 0, 0, 0, 27, 5, 106, 4, 0, 0, 0, 1
33, 3, 0, 1, 0, 43, 1, 0, 0, 14, 1, 332, 2, 358, 2, 1, 1
41, 5, 0, 1, 0, 288, 1, 0, 1, 15, 1, 221, 4, 0, 0, 0, 1
34, 7, 0, 1, 0, 613, 1, 0, 0, 4, 3, 80, 1, 0, 0, 0, 1
37, 5, 1, 2, 0, 6101, 0, 0, 0, 4, 1, 60, 5, 87, 1, 3, 1
38, 3, 0, 0, 0, 168, 1, 1, 2, 13, 1, 212, 3, 0, 0, 0, 1
39, 3, 0, 0, 0, 7685, 1, 0, 0, 14, 2, 493, 3, 0, 0, 0, 1
35, 5, 2, 2, 0, 4515, 1, 0, 0, 19, 8, 98, 2, 0, 0, 0, 1
28, 3, 1, 1, 0, 517, 0, 1, 0, 8, 7, 681, 1, 0, 0, 0, 0
27, 3, 1, 1, 0, 148, 0, 0, 0, 22, 7, 203, 1, 0, 0, 0, 1
48, 10, 0, 0, 1, 29, 0, 1, 0, 19, 8, 157, 1, 0, 0, 0, 1
50, 3, 0, 1, 0, 887, 0, 0, 1, 16, 3, 287, 1, 0, 0, 0, 1
45, 4, 0, 1, 0, 3098, 1, 0, 0, 7, 5, 159, 2, 0, 0, 0, 1
41, 5, 0, 2, 0, 744, 1, 0, 1, 14, 1, 125, 1, 0, 0, 0, 1
39, 5, 0, 1, 0, 130, 0, 0, 0, 8, 7, 202, 2, 0, 0, 0, 1
44, 2, 0, 1, 0, 438, 1, 0, 2, 8, 1, 37, 3, 303, 1, 1, 1
54, 7, 0, 1, 0, 0, 0, 0, 0, 28, 6, 161, 1, 98, 2, 1, 0
49, 2, 0, 2, 0, 322, 0, 0, 0, 6, 5, 72, 4, 0, 0, 0, 1
34, 3, 1, 1, 0, 186, 0, 0, 0, 2, 4, 342, 1, 0, 0, 0, 1
75, 10, 2, 2, 0, 3810, 1, 0, 0, 16, 8, 262, 1, 183, 1, 1, 0
42, 2, 0, 2, 0, 0, 0, 0, 0, 13, 5, 325, 2, 0, 0, 0, 1
53, 3, 0, 1, 0, 4380, 0, 0, 2, 19, 5, 223, 7, 0, 0, 0, 1
49, 2, 2, 2, 0, 755, 0, 0, 0, 31, 7, 1212, 4, 0, 0, 0, 0
31, 1, 1, 1, 0, 2070, 0, 0, 0, 29, 5, 319, 2, 0, 0, 0, 1
45, 3, 1, 0, 0, 999, 0, 0, 0, 29, 6, 182, 2, 0, 0, 0, 1
39, 4, 0, 1, 0, 167, 1, 1, 0, 17, 7, 330, 1, 0, 0, 0, 1
46, 5, 0, 1, 0, 1322, 1, 1, 0, 19, 8, 514, 1, 0, 0, 0, 1
42, 7, 2, 1, 0, 1076, 1, 0, 1, 14, 1, 213, 1, 0, 0, 0, 1
37, 2, 0, 2, 0, 502, 1, 0, 0, 7, 1, 551, 1, 351, 1, 1, 1
26, 5, 1, 2, 0, 1216, 1, 0, 0, 16, 2, 472, 2, 0, 0, 0, 1
37, 2, 1, 2, 0, 876, 1, 0, 0, 15, 2, 140, 4, 327, 2, 1, 1
36, 1, 1, 1, 0, 342, 1, 0, 1, 7, 1, 142, 1, 0, 0, 0, 1
29, 3, 1, 0, 0, 950, 1, 0, 1, 4, 3, 135, 3, 0, 0, 0, 1
36, 3, 0, 0, 0, 973, 1, 1, 1, 23, 1, 293, 1, 0, 0, 0, 1
26, 5, 0, 2, 0, 3825, 1, 0, 1, 13, 1, 107, 1, 0, 0, 0, 1
32, 3, 0, 1, 0, 2366, 1, 0, 1, 20, 1, 127, 2, 0, 0, 0, 1
40, 2, 0, 2, 0, 542, 1, 0, 0, 20, 8, 1816, 1, 0, 0, 0, 1
53, 2, 0, 0, 0, 995, 0, 0, 0, 4, 4, 200, 3, 0, 0, 0, 1
29, 2, 0, 2, 0, 20, 1, 0, 0, 12, 1, 418, 1, 0, 0, 0, 1
34, 5, 1, 2, 0, 228, 1, 0, 0, 22, 7, 387, 4, 0, 0, 0, 1
43, 3, 0, 1, 0, 130, 0, 0, 0, 5, 1, 156, 1, 337, 3, 1, 1
56, 2, 0, 2, 0, 217, 0, 1, 0, 21, 7, 121, 2, 0, 0, 0, 1
55, 6, 2, 2, 0, 0, 0, 0, 1, 6, 3, 108, 2, 0, 0, 0, 1
31, 4, 0, 2, 0, 259, 1, 0, 0, 7, 1, 47, 1, 0, 0, 0, 1
27, 7, 1, 1, 0, 619, 1, 0, 0, 20, 2, 16, 5, 322, 4, 2, 1
36, 2, 0, 1, 0, 644, 1, 0, 0, 18, 8, 54, 2, 0, 0, 0, 1
44, 2, 0, 2, 0, 22, 1, 0, 0, 6, 5, 265, 2, 0, 0, 0, 1
37, 7, 2, 2, 0, 4303, 1, 0, 1, 23, 1, 168, 1, 0, 0, 0, 1
30, 7, 1, 1, 0, 239, 1, 0, 0, 7, 1, 115, 3, 0, 0, 0, 1
42, 5, 1, 1, 0, 275, 0, 0, 0, 26, 5, 31, 8, 0, 0, 0, 1
30, 2, 0, 2, 0, 1221, 1, 0, 2, 25, 7, 279, 4, 0, 0, 0, 0
62, 10, 0, 1, 0, 816, 0, 0, 0, 1, 9, 28, 2, 0, 0, 0, 1
24, 3, 0, 1, 0, 1222, 1, 0, 0, 20, 2, 369, 1, 0, 0, 0, 1
31, 5, 0, 1, 0, 2363, 1, 0, 1, 13, 1, 247, 1, 0, 0, 0, 1
66, 10, 0, 2, 0, 2262, 0, 0, 0, 22, 2, 155, 1, 0, 0, 0, 1
47, 7, 0, 1, 0, 2, 0, 0, 0, 10, 7, 89, 1, 0, 0, 0, 1
39, 6, 0, 2, 0, 2, 1, 0, 0, 17, 8, 180, 1, 0, 0, 0, 1
35, 5, 0, 1, 0, 4508, 1, 0, 0, 18, 8, 854, 1, 0, 0, 0, 0
35, 7, 2, 1, 0, 30, 1, 0, 0, 17, 2, 46, 1, 0, 0, 0, 1
27, 5, 0, 1, 0, 1577, 1, 1, 1, 28, 1, 266, 2, 0, 0, 0, 1
32, 3, 0, 1, 0, 34, 1, 0, 0, 5, 1, 321, 2, 0, 0, 0, 1
44, 2, 0, 2, 0, 795, 0, 0, 0, 28, 5, 99, 24, 0, 0, 0, 1
42, 3, 0, 1, 0, 117, 1, 0, 1, 9, 1, 147, 1, 0, 0, 0, 1
34, 4, 1, 2, 0, 5462, 0, 0, 0, 30, 2, 430, 1, 0, 0, 0, 0
25, 1, 1, 1, 0, 402, 0, 1, 0, 7, 7, 264, 1, 0, 0, 0, 1
40, 5, 1, 1, 0, 641, 0, 0, 0, 16, 7, 156, 6, 0, 0, 0, 1
43, 2, 2, 2, 0, 36, 0, 0, 0, 26, 1, 118, 1, 102, 2, 1, 1
55, 0, 0, 2, 0, 383, 0, 0, 1, 6, 1, 343, 3, 0, 0, 0, 1
50, 3, 0, 1, 0, 283, 1, 0, 0, 7, 5, 226, 3, 0, 0, 0, 1
45, 2, 2, 2, 0, 0, 0, 0, 1, 1, 3, 5, 1, 0, 0, 0, 1
35, 3, 2, 1, 0, 3102, 1, 0, 0, 20, 8, 138, 1, 0, 0, 0, 1
32, 3, 0, 1, 0, 889, 1, 0, 0, 10, 9, 185, 1, 99, 5, 3, 0
59, 9, 0, 1, 0, 0, 0, 0, 2, 3, 4, 722, 1, 99, 4, 1, 1
34, 4, 0, 1, 0, 31, 1, 0, 1, 21, 1, 748, 1, 0, 0, 0, 1
39, 2, 0, 2, 0, 32, 1, 0, 1, 26, 1, 142, 1, 0, 0, 0, 1
40, 2, 1, 1, 0, 10378, 1, 0, 0, 17, 8, 523, 3, 0, 0, 0, 1
36, 3, 1, 0, 0, 1313, 1, 0, 1, 20, 3, 8, 10, 0, 0, 0, 1
40, 2, 0, 2, 0, 8969, 1, 0, 0, 17, 8, 153, 1, 0, 0, 0, 1
55, 4, 0, 1, 0, 14, 1, 0, 1, 20, 1, 210, 2, 0, 0, 0, 1
38, 6, 0, 1, 1, 15, 1, 0, 0, 10, 7, 121, 1, 0, 0, 0, 1
61, 7, 0, 1, 0, 4608, 0, 0, 0, 12, 10, 212, 1, 0, 0, 0, 0
41, 2, 0, 2, 0, 666, 1, 0, 1, 21, 1, 253, 3, 0, 0, 0, 1
57, 3, 0, 0, 0, 452, 1, 0, 1, 13, 1, 139, 4, 0, 0, 0, 1
48, 3, 0, 1, 0, 149, 1, 0, 1, 9, 1, 71, 1, 0, 0, 0, 1
77, 10, 0, 2, 0, 7802, 0, 0, 2, 4, 1, 421, 1, 92, 2, 3, 0
35, 1, 0, 1, 0, 1453, 1, 0, 1, 28, 1, 199, 1, 0, 0, 0, 1
54, 3, 0, 1, 0, 1480, 1, 0, 1, 14, 1, 108, 1, 0, 0, 0, 1
37, 2, 1, 3, 0, 715, 1, 0, 1, 20, 1, 247, 2, 0, 0, 0, 1
56, 2, 1, 1, 0, 237, 1, 0, 2, 9, 7, 236, 4, 0, 0, 0, 1
40, 5, 0, 1, 0, 694, 1, 0, 0, 4, 4, 97, 4, 196, 5, 1, 1
40, 2, 0, 2, 0, 0, 0, 0, 0, 14, 7, 109, 8, 0, 0, 0, 1
54, 2, 0, 2, 0, 55, 1, 0, 0, 2, 3, 112, 2, 0, 0, 0, 1
55, 9, 0, 0, 0, 136, 1, 0, 1, 19, 3, 15, 10, 0, 0, 0, 1
55, 1, 2, 1, 1, 33, 1, 0, 0, 22, 7, 502, 3, 0, 0, 0, 1
52, 3, 0, 0, 0, 779, 1, 0, 1, 16, 1, 30, 3, 0, 0, 0, 1
55, 3, 1, 0, 0, 1187, 1, 0, 1, 2, 3, 193, 2, 0, 0, 0, 1
33, 2, 0, 2, 0, 641, 1, 0, 0, 13, 5, 347, 2, 0, 0, 0, 1
52, 3, 0, 3, 0, 826, 1, 0, 1, 15, 1, 468, 2, 0, 0, 0, 1
33, 1, 2, 1, 0, 991, 1, 0, 1, 27, 1, 148, 1, 0, 0, 0, 1
53, 7, 0, 1, 0, 1796, 0, 0, 2, 16, 10, 295, 1, 91, 2, 3, 0
46, 7, 0, 1, 0, 22, 0, 0, 0, 26, 5, 388, 6, 0, 0, 0, 0
44, 5, 1, 1, 0, 244, 1, 0, 0, 12, 5, 1735, 4, 0, 0, 0, 0
48, 2, 2, 2, 0, 1328, 1, 0, 1, 6, 1, 339, 1, 0, 0, 0, 1
50, 9, 0, 1, 0, 7317, 1, 0, 0, 13, 1, 172, 1, 370, 1, 1, 1
34, 5, 1, 1, 0, 4943, 1, 1, 0, 19, 8, 117, 2, 0, 0, 0, 1
38, 5, 1, 1, 0, 258, 0, 1, 1, 20, 3, 587, 2, 0, 0, 0, 1
42, 2, 1, 2, 0, 515, 1, 0, 0, 19, 8, 501, 2, 0, 0, 0, 1
32, 2, 1, 2, 0, 12607, 0, 0, 0, 14, 5, 203, 5, 84, 1, 1, 1
58, 7, 0, 1, 0, 2, 1, 1, 2, 25, 7, 282, 9, 0, 0, 0, 1
31, 2, 0, 2, 0, 13, 0, 0, 0, 28, 5, 110, 5, 0, 0, 0, 1
19, 8, 1, 0, 0, 103, 0, 0, 0, 10, 7, 104, 2, 0, 0, 0, 0
41, 2, 0, 2, 0, 3872, 0, 0, 0, 15, 0, 231, 1, 0, 0, 0, 1
31, 0, 0, 1, 0, 296, 1, 0, 1, 20, 1, 378, 3, 0, 0, 0, 1
52, 4, 1, 0, 0, 217, 0, 1, 0, 15, 7, 193, 6, 0, 0, 0, 1
42, 4, 2, 2, 0, 360, 1, 0, 1, 24, 3, 110, 5, 0, 0, 0, 1
41, 3, 1, 1, 0, 428, 1, 0, 0, 12, 1, 92, 1, 0, 0, 0, 1
30, 3, 1, 1, 0, 315, 0, 0, 0, 23, 3, 1407, 1, 0, 0, 0, 0
38, 3, 0, 1, 0, 121, 1, 1, 0, 6, 4, 168, 1, 212, 2, 1, 1
32, 2, 0, 2, 0, 820, 1, 0, 0, 17, 7, 738, 3, 0, 0, 0, 1
52, 5, 0, 1, 0, 195, 1, 0, 0, 18, 4, 220, 1, 63, 5, 1, 0
48, 2, 2, 2, 0, 108, 1, 0, 1, 27, 1, 89, 2, 0, 0, 0, 1
36, 2, 0, 2, 0, 34, 1, 0, 0, 31, 7, 30, 29, 0, 0, 0, 1
45, 0, 2, 0, 0, 757, 0, 0, 0, 20, 2, 103, 1, 325, 4, 1, 1
34, 5, 0, 2, 0, 691, 1, 1, 1, 2, 3, 70, 1, 0, 0, 0, 1
36, 3, 0, 0, 0, 1925, 1, 0, 0, 20, 2, 904, 2, 0, 0, 0, 0
34, 2, 0, 2, 0, 902, 1, 0, 0, 14, 1, 159, 1, 367, 2, 2, 1
61, 10, 0, 1, 0, 5207, 0, 0, 0, 11, 9, 336, 1, 81, 2, 2, 1
54, 1, 0, 1, 0, 0, 0, 0, 1, 19, 3, 220, 1, 0, 0, 0, 1
50, 6, 0, 1, 0, 665, 0, 0, 2, 17, 8, 238, 1, 0, 0, 0, 1
43, 7, 2, 1, 0, 738, 1, 0, 0, 21, 8, 585, 4, 191, 4, 1, 1
47, 3, 0, 0, 0, 233, 0, 0, 0, 8, 5, 293, 3, 0, 0, 0, 1
45, 1, 0, 1, 0, 35, 1, 0, 1, 28, 1, 68, 1, 0, 0, 0, 1
57, 10, 0, 0, 0, 5799, 0, 0, 1, 17, 3, 97, 1, 0, 0, 0, 1
27, 7, 0, 1, 0, 1033, 1, 0, 1, 9, 1, 1713, 1, 0, 0, 0, 1
49, 0, 2, 1, 0, 66, 0, 0, 0, 9, 7, 218, 3, 0, 0, 0, 1
43, 1, 0, 0, 0, 2567, 1, 0, 0, 14, 1, 109, 1, 360, 2, 1, 1
40, 2, 0, 2, 0, 1584, 1, 0, 2, 21, 8, 661, 1, 0, 0, 0, 1
32, 1, 1, 1, 0, 182, 1, 0, 0, 6, 1, 145, 1, 0, 0, 0, 1
58, 2, 0, 0, 0, 76, 1, 0, 2, 18, 1, 54, 4, 0, 0, 0, 1
34, 7, 1, 1, 0, 663, 1, 0, 0, 20, 2, 111, 1, 0, 0, 0, 1
46, 5, 2, 1, 0, 3455, 1, 0, 1, 14, 1, 566, 2, 0, 0, 0, 1
29, 3, 0, 1, 0, 15, 0, 0, 0, 3, 3, 136, 1, 0, 0, 0, 1
52, 3, 0, 0, 0, 1054, 0, 0, 0, 4, 5, 273, 1, 0, 0, 0, 1
45, 2, 0, 2, 0, 1529, 0, 0, 0, 30, 3, 160, 1, 0, 0, 0, 1
26, 2, 1, 1, 0, 63, 0, 0, 0, 28, 7, 76, 4, 0, 0, 0, 1
40, 5, 0, 2, 0, 0, 0, 0, 0, 19, 5, 44, 1, 0, 0, 0, 1
41, 7, 0, 1, 0, 920, 1, 1, 1, 27, 1, 239, 1, 0, 0, 0, 1
47, 7, 1, 1, 0, 3696, 0, 0, 0, 12, 7, 250, 2, 181, 4, 3, 0
27, 5, 1, 3, 0, 59, 0, 0, 0, 15, 7, 792, 4, 0, 0, 0, 1
27, 1, 0, 1, 0, 0, 1, 0, 0, 23, 7, 198, 13, 0, 0, 0, 1
48, 3, 0, 1, 0, 157, 1, 0, 1, 6, 1, 73, 1, 0, 0, 0, 1
49, 7, 0, 1, 0, 2465, 0, 0, 0, 20, 5, 157, 3, 0, 0, 0, 1
35, 3, 0, 0, 0, 0, 1, 0, 0, 24, 7, 90, 6, 0, 0, 0, 1
47, 4, 0, 1, 1, 2, 0, 0, 0, 5, 4, 236, 2, 0, 0, 0, 1
54, 2, 0, 2, 0, 0, 0, 0, 0, 16, 7, 118, 5, 0, 0, 0, 1
39, 2, 1, 2, 0, 12437, 0, 0, 2, 18, 8, 40, 1, 0, 0, 0, 1
28, 8, 1, 1, 0, 378, 1, 0, 0, 17, 2, 346, 1, 0, 0, 0, 1
54, 3, 0, 0, 0, 211, 0, 0, 1, 19, 3, 200, 2, 0, 0, 0, 1
34, 5, 0, 1, 0, 36, 1, 0, 0, 20, 2, 187, 3, 332, 3, 2, 1
63, 10, 0, 1, 0, 2747, 0, 0, 0, 11, 9, 113, 1, 80, 1, 1, 1
42, 4, 0, 2, 0, 1932, 1, 0, 1, 16, 1, 192, 32, 0, 0, 0, 1
43, 5, 1, 1, 0, 11269, 0, 0, 1, 29, 1, 92, 1, 0, 0, 0, 1
37, 7, 0, 1, 0, 1314, 1, 0, 0, 8, 1, 682, 2, 85, 7, 3, 1
55, 3, 0, 0, 0, 2275, 0, 0, 0, 25, 5, 139, 9, 0, 0, 0, 1
43, 2, 1, 2, 0, 1304, 0, 0, 0, 6, 5, 501, 2, 0, 0, 0, 0
41, 3, 0, 1, 1, 720, 0, 1, 0, 24, 7, 651, 1, 0, 0, 0, 0
47, 5, 2, 1, 0, 2914, 1, 0, 0, 18, 5, 405, 13, 0, 0, 0, 1
34, 5, 0, 1, 0, 1464, 1, 0, 1, 23, 1, 350, 1, 0, 0, 0, 1
28, 8, 1, 1, 0, 11555, 0, 0, 0, 8, 2, 125, 2, 0, 0, 0, 1
36, 1, 0, 1, 0, 37, 1, 0, 0, 13, 1, 36, 2, 0, 0, 0, 1
50, 5, 0, 1, 0, 2497, 1, 0, 0, 21, 8, 35, 1, 176, 1, 1, 1
35, 3, 0, 1, 0, 38, 1, 0, 1, 8, 1, 389, 2, 0, 0, 0, 1
40, 5, 0, 1, 0, 56, 1, 1, 0, 29, 6, 194, 1, 247, 1, 1, 1
26, 4, 1, 2, 0, 211, 0, 0, 0, 29, 6, 168, 3, 0, 0, 0, 1
36, 2, 2, 2, 0, 3611, 1, 0, 1, 4, 3, 347, 3, 0, 0, 0, 1
59, 0, 0, 0, 0, 0, 0, 0, 0, 30, 6, 3025, 2, 0, 0, 0, 1
28, 8, 1, 1, 0, 459, 0, 0, 0, 16, 10, 83, 13, 0, 0, 0, 1
46, 6, 0, 3, 0, 242, 1, 0, 1, 9, 1, 332, 2, 0, 0, 0, 1
50, 4, 0, 1, 0, 1138, 0, 0, 0, 14, 5, 219, 10, 0, 0, 0, 1
53, 2, 0, 2, 0, 1319, 1, 0, 0, 16, 2, 427, 1, 150, 1, 1, 1
81, 10, 0, 1, 0, 1, 0, 0, 0, 19, 5, 65, 5, 0, 0, 0, 1
35, 1, 2, 1, 0, 67, 1, 0, 0, 5, 1, 192, 2, 0, 0, 0, 1
58, 10, 0, 3, 0, 937, 0, 0, 0, 5, 5, 155, 1, 0, 0, 0, 1
44, 1, 0, 1, 0, 0, 1, 1, 0, 11, 1, 161, 1, 0, 0, 0, 1
38, 2, 0, 2, 0, 39, 1, 0, 0, 21, 7, 533, 1, 0, 0, 0, 1
49, 3, 0, 1, 0, 171, 0, 0, 0, 4, 4, 19, 3, 175, 2, 2, 1
33, 5, 1, 2, 0, 696, 0, 1, 0, 5, 4, 193, 1, 176, 8, 1, 1
29, 2, 0, 2, 0, 361, 1, 1, 0, 28, 7, 819, 3, 0, 0, 0, 1
28, 5, 1, 1, 0, 227, 0, 0, 0, 30, 2, 278, 1, 0, 0, 0, 0
31, 7, 0, 1, 0, 236, 1, 1, 2, 4, 1, 211, 3, 0, 0, 0, 1
33, 2, 1, 2, 0, 40, 0, 0, 0, 29, 6, 617, 2, 0, 0, 0, 1
52, 5, 0, 1, 0, 192, 1, 0, 0, 23, 7, 61, 2, 0, 0, 0, 1
43, 2, 2, 2, 0, 38, 1, 0, 0, 25, 7, 197, 6, 0, 0, 0, 1
32, 4, 1, 1, 0, 518, 1, 0, 0, 18, 1, 34, 7, 0, 0, 0, 1
36, 4, 0, 2, 0, 16, 1, 1, 0, 18, 7, 95, 4, 0, 0, 0, 1
41, 3, 0, 1, 0, 10, 1, 0, 1, 3, 3, 147, 2, 0, 0, 0, 1
43, 3, 0, 1, 0, 105, 0, 1, 0, 4, 7, 668, 2, 0, 0, 0, 1
45, 4, 0, 2, 0, 334, 0, 0, 1, 5, 3, 87, 2, 0, 0, 0, 1
39, 5, 0, 1, 0, 1048, 0, 1, 0, 21, 7, 405, 1, 0, 0, 0, 1
41, 1, 0, 1, 0, 108, 1, 1, 1, 13, 1, 83, 7, 0, 0, 0, 1
31, 5, 0, 1, 0, 660, 0, 0, 0, 22, 3, 115, 1, 0, 0, 0, 1
37, 0, 1, 2, 1, 0, 1, 0, 0, 10, 7, 108, 1, 0, 0, 0, 1
28, 6, 0, 3, 0, 1034, 0, 0, 0, 29, 6, 113, 1, 0, 0, 0, 1
47, 9, 0, 0, 0, 201, 1, 0, 0, 7, 5, 58, 2, 382, 1, 1, 1
37, 9, 0, 0, 0, 189, 0, 0, 0, 8, 5, 148, 4, 0, 0, 0, 1
60, 10, 2, 3, 0, 41, 1, 0, 0, 29, 6, 188, 1, 261, 2, 1, 1
43, 5, 2, 1, 0, 1413, 1, 0, 2, 28, 7, 75, 3, 0, 0, 0, 1
58, 10, 2, 2, 0, 264, 1, 1, 0, 8, 7, 523, 3, 0, 0, 0, 1
52, 6, 0, 2, 0, 54, 1, 1, 2, 18, 8, 103, 1, 0, 0, 0, 1
50, 3, 0, 0, 0, 12519, 1, 0, 0, 17, 2, 146, 2, 147, 4, 3, 1
32, 1, 1, 1, 0, 2881, 0, 0, 0, 2, 7, 356, 1, 0, 0, 0, 0
42, 3, 0, 0, 0, 0, 1, 0, 0, 17, 7, 71, 1, 0, 0, 0, 1
31, 7, 0, 1, 0, 88, 1, 1, 0, 8, 5, 189, 2, 0, 0, 0, 1
28, 3, 0, 1, 0, 1020, 1, 0, 1, 28, 1, 251, 1, 0, 0, 0, 1
36, 5, 2, 2, 0, 119, 0, 0, 0, 23, 7, 127, 8, 0, 0, 0, 1
51, 0, 1, 2, 0, 1594, 0, 0, 2, 4, 4, 197, 1, 0, 0, 0, 1
46, 5, 0, 2, 0, 342, 1, 1, 0, 5, 1, 84, 1, 0, 0, 0, 1
50, 1, 1, 1, 0, 72, 0, 0, 1, 8, 1, 141, 2, 0, 0, 0, 1
32, 3, 0, 1, 0, 14, 1, 0, 1, 2, 3, 171, 1, 0, 0, 0, 1
26, 6, 1, 2, 0, 81, 0, 0, 0, 21, 7, 262, 3, 0, 0, 0, 1
41, 4, 0, 2, 0, 231, 0, 0, 0, 7, 5, 352, 2, 0, 0, 0, 0
39, 5, 0, 2, 0, 1161, 1, 0, 0, 9, 2, 236, 1, 336, 1, 1, 1
31, 3, 0, 1, 0, 42, 1, 0, 1, 2, 3, 184, 1, 0, 0, 0, 1
28, 2, 1, 2, 0, 231, 1, 1, 0, 25, 7, 568, 2, 0, 0, 0, 1
31, 2, 1, 1, 0, 36, 0, 0, 0, 27, 5, 105, 2, 0, 0, 0, 1
30, 5, 0, 2, 0, 1570, 1, 0, 0, 26, 1, 260, 1, 0, 0, 0, 1
35, 5, 0, 2, 0, 7050, 0, 0, 0, 11, 5, 222, 3, 182, 4, 3, 0
33, 3, 0, 0, 0, 3704, 1, 0, 1, 6, 3, 447, 2, 0, 0, 0, 1
30, 5, 1, 2, 0, 6619, 1, 0, 0, 21, 5, 239, 8, 0, 0, 0, 1
32, 3, 1, 1, 0, 43, 1, 0, 0, 11, 1, 426, 1, 0, 0, 0, 1
40, 2, 1, 2, 0, 1509, 0, 0, 0, 12, 1, 333, 1, 58, 3, 1, 1
31, 4, 0, 2, 0, 1134, 0, 0, 0, 6, 4, 174, 2, 0, 0, 0, 1
36, 5, 0, 1, 0, 146, 1, 1, 1, 15, 1, 284, 2, 0, 0, 0, 1
33, 2, 1, 2, 0, 9449, 1, 0, 0, 8, 1, 428, 1, 0, 0, 0, 1
57, 10, 0, 1, 0, 374, 1, 1, 0, 16, 7, 236, 1, 0, 0, 0, 1
45, 5, 0, 1, 0, 88, 0, 0, 0, 29, 5, 150, 2, 0, 0, 0, 1
59, 2, 0, 2, 0, 2764, 0, 0, 0, 24, 11, 237, 1, 206, 2, 1, 1
30, 2, 1, 2, 0, 2, 1, 1, 0, 25, 7, 1031, 8, 0, 0, 0, 0
33, 5, 0, 2, 0, 8023, 0, 0, 0, 30, 8, 107, 1, 105, 3, 1, 1
52, 3, 0, 1, 0, 289, 1, 0, 1, 21, 1, 45, 13, 0, 0, 0, 1
83, 10, 0, 1, 0, 0, 0, 0, 0, 18, 10, 140, 10, 0, 0, 0, 1
58, 4, 2, 2, 0, 1382, 0, 0, 1, 9, 3, 700, 1, 0, 0, 0, 0
33, 2, 2, 2, 1, 280, 0, 1, 0, 18, 8, 155, 1, 0, 0, 0, 1
41, 3, 2, 0, 0, 2195, 1, 0, 1, 3, 3, 211, 5, 0, 0, 0, 1
31, 4, 0, 1, 0, 33, 0, 0, 0, 6, 5, 165, 4, 0, 0, 0, 1
35, 3, 2, 1, 0, 275, 0, 1, 0, 10, 7, 144, 5, 0, 0, 0, 1
27, 2, 1, 2, 0, 703, 1, 0, 1, 5, 3, 590, 3, 0, 0, 0, 0
57, 7, 2, 3, 0, 887, 0, 0, 1, 20, 3, 43, 8, 0, 0, 0, 1
56, 11, 0, 3, 0, 0, 0, 0, 1, 20, 3, 471, 2, 0, 0, 0, 1
53, 7, 1, 1, 0, 1178, 1, 0, 1, 15, 1, 295, 2, 0, 0, 0, 1
39, 2, 0, 2, 0, 2763, 1, 0, 1, 2, 3, 526, 2, 0, 0, 0, 0
32, 6, 1, 2, 0, 890, 1, 1, 0, 28, 5, 27, 10, 0, 0, 0, 1
46, 4, 0, 1, 0, 548, 0, 0, 0, 12, 5, 1181, 4, 0, 0, 0, 0
56, 5, 0, 2, 0, 272, 0, 0, 0, 26, 5, 103, 2, 0, 0, 0, 1
46, 2, 2, 2, 0, 6269, 1, 0, 2, 18, 8, 249, 3, 112, 2, 1, 1
29, 6, 0, 1, 0, 178, 1, 0, 0, 5, 1, 231, 4, 0, 0, 0, 1
60, 2, 0, 0, 0, 252, 1, 1, 0, 13, 2, 123, 2, 147, 3, 1, 1
33, 9, 1, 2, 0, 23663, 1, 0, 0, 16, 2, 199, 2, 146, 2, 1, 1
27, 6, 1, 2, 0, 81, 0, 0, 0, 5, 4, 197, 1, 199, 3, 1, 1
50, 4, 2, 2, 0, 59, 1, 0, 1, 28, 1, 67, 2, 0, 0, 0, 1
45, 1, 0, 1, 0, 1343, 0, 1, 0, 8, 7, 220, 1, 0, 0, 0, 1
58, 10, 0, 1, 0, 225, 0, 0, 0, 7, 5, 122, 6, 0, 0, 0, 1
59, 10, 0, 0, 0, 0, 1, 0, 1, 26, 1, 104, 7, 0, 0, 0, 1
58, 10, 2, 0, 0, 2538, 1, 0, 0, 31, 7, 307, 6, 0, 0, 0, 1
64, 10, 0, 0, 0, 43, 0, 0, 0, 11, 10, 117, 1, 91, 1, 3, 1
47, 5, 0, 1, 0, 57, 0, 0, 0, 5, 1, 253, 1, 342, 1, 3, 1
40, 2, 0, 2, 0, 44, 1, 0, 0, 17, 7, 770, 2, 0, 0, 0, 1
36, 5, 2, 1, 0, 666, 1, 1, 0, 3, 2, 190, 1, 133, 1, 2, 1
28, 2, 1, 2, 0, 0, 1, 0, 0, 16, 7, 767, 5, 0, 0, 0, 0
38, 5, 1, 2, 0, 25, 1, 0, 0, 1, 3, 232, 2, 0, 0, 0, 0
53, 6, 0, 0, 0, 1034, 1, 0, 0, 19, 8, 854, 2, 170, 3, 2, 1
46, 3, 1, 1, 0, 324, 1, 0, 1, 30, 1, 293, 6, 0, 0, 0, 1
54, 5, 0, 1, 0, 0, 0, 0, 2, 16, 8, 986, 1, 94, 8, 1, 1
32, 2, 0, 2, 0, 0, 0, 0, 0, 19, 8, 66, 1, 0, 0, 0, 1
55, 2, 0, 0, 0, 621, 0, 1, 0, 2, 4, 114, 1, 208, 1, 1, 1
55, 10, 2, 1, 0, 138, 0, 0, 0, 17, 7, 205, 1, 0, 0, 0, 1
56, 5, 0, 1, 0, 4063, 0, 1, 2, 28, 7, 31, 4, 0, 0, 0, 1
40, 3, 0, 1, 0, 11084, 0, 0, 1, 11, 3, 113, 1, 0, 0, 0, 1
44, 5, 0, 1, 0, 310, 1, 0, 0, 6, 4, 200, 1, 253, 1, 1, 1
32, 6, 0, 3, 0, 73, 1, 0, 0, 21, 8, 158, 1, 135, 1, 1, 1
33, 2, 0, 2, 0, 1808, 1, 0, 1, 4, 3, 99, 4, 0, 0, 0, 1
41, 0, 2, 1, 0, 1281, 0, 0, 0, 31, 7, 45, 3, 0, 0, 0, 1
37, 5, 0, 1, 0, 64, 1, 0, 0, 12, 1, 239, 4, 278, 2, 2, 1
58, 2, 1, 2, 0, 2, 1, 0, 2, 11, 1, 168, 3, 0, 0, 0, 1
52, 3, 0, 1, 0, 60, 0, 1, 0, 26, 5, 196, 2, 0, 0, 0, 1
49, 1, 1, 1, 0, 133, 0, 0, 1, 11, 3, 319, 6, 0, 0, 0, 1
44, 9, 0, 0, 0, 3706, 0, 0, 1, 17, 3, 209, 3, 0, 0, 0, 1
28, 7, 1, 3, 0, 174, 0, 0, 0, 28, 9, 184, 1, 0, 0, 0, 1
31, 5, 0, 1, 0, 251, 0, 1, 0, 29, 5, 156, 2, 0, 0, 0, 1
37, 4, 0, 1, 0, 4153, 1, 0, 0, 31, 7, 35, 16, 0, 0, 0, 1
30, 5, 1, 2, 0, 985, 1, 0, 0, 19, 4, 88, 2, 0, 0, 0, 1
28, 1, 1, 1, 0, 168, 0, 0, 0, 1, 3, 347, 3, 140, 2, 3, 0
46, 1, 0, 1, 0, 1550, 1, 0, 0, 16, 2, 126, 2, 149, 8, 1, 1
47, 2, 0, 2, 0, 7708, 1, 0, 0, 21, 8, 157, 5, 0, 0, 0, 1
35, 3, 0, 0, 0, 45, 1, 0, 1, 12, 1, 212, 5, 0, 0, 0, 1
80, 2, 0, 0, 0, 6483, 0, 0, 2, 19, 0, 123, 1, 0, 0, 0, 1
30, 5, 1, 2, 0, 60, 1, 1, 1, 7, 1, 306, 5, 0, 0, 0, 1
55, 5, 1, 1, 0, 3339, 1, 0, 1, 2, 3, 63, 1, 0, 0, 0, 1
22, 8, 1, 2, 0, 1161, 0, 1, 0, 16, 3, 119, 1, 0, 0, 0, 1
33, 3, 1, 0, 0, 599, 1, 0, 1, 21, 1, 29, 1, 0, 0, 0, 1
53, 6, 0, 3, 0, 28, 0, 0, 0, 31, 7, 117, 2, 0, 0, 0, 1
49, 2, 0, 2, 0, 1430, 0, 0, 0, 18, 8, 231, 2, 0, 0, 0, 1
51, 10, 0, 1, 0, 35, 0, 1, 0, 8, 7, 123, 4, 0, 0, 0, 1
41, 4, 0, 2, 0, 6000, 1, 0, 0, 18, 8, 265, 1, 0, 0, 0, 1
34, 5, 0, 1, 0, 0, 1, 0, 0, 15, 7, 144, 1, 0, 0, 0, 1
36, 3, 1, 1, 0, 340, 0, 1, 1, 16, 3, 559, 3, 0, 0, 0, 1
35, 6, 0, 2, 0, 0, 0, 0, 0, 5, 1, 74, 1, 168, 4, 1, 1
29, 1, 0, 1, 0, 3, 1, 0, 0, 10, 7, 183, 1, 0, 0, 0, 1
40, 5, 1, 2, 0, 445, 1, 0, 0, 24, 7, 631, 1, 0, 0, 0, 1
32, 2, 2, 2, 0, 874, 0, 0, 0, 12, 5, 1282, 6, 0, 0, 0, 0
48, 3, 0, 1, 0, 705, 0, 0, 1, 13, 1, 108, 2, 0, 0, 0, 1
59, 10, 0, 3, 0, 1033, 0, 0, 1, 11, 3, 1199, 1, 0, 0, 0, 0
35, 4, 2, 2, 0, 1354, 1, 0, 1, 23, 1, 736, 2, 0, 0, 0, 0
33, 5, 1, 2, 0, 123, 0, 0, 0, 19, 5, 264, 1, 0, 0, 0, 1
55, 10, 0, 0, 0, 8894, 0, 0, 1, 11, 3, 262, 1, 0, 0, 0, 1
41, 3, 0, 1, 0, 429, 1, 0, 1, 13, 1, 244, 1, 0, 0, 0, 1
42, 9, 0, 0, 0, 14752, 0, 0, 1, 19, 1, 107, 2, 0, 0, 0, 1
46, 3, 0, 0, 0, 67, 0, 0, 1, 24, 3, 9, 1, 0, 0, 0, 1
35, 9, 2, 1, 0, 39, 0, 0, 0, 31, 7, 149, 2, 0, 0, 0, 1
28, 5, 1, 2, 0, 102, 0, 0, 0, 28, 6, 321, 2, 0, 0, 0, 1
25, 8, 1, 1, 0, 1790, 0, 0, 0, 17, 2, 224, 1, 322, 3, 1, 1
56, 2, 1, 2, 0, 15311, 0, 0, 0, 29, 2, 157, 6, 0, 0, 0, 1
30, 7, 1, 1, 0, 46, 0, 0, 0, 25, 7, 250, 1, 0, 0, 0, 1
45, 3, 0, 1, 0, 115, 0, 0, 0, 11, 5, 209, 4, 0, 0, 0, 1
40, 2, 0, 2, 0, 10786, 0, 0, 1, 20, 3, 111, 3, 0, 0, 0, 1
40, 3, 0, 1, 0, 498, 1, 0, 0, 8, 1, 55, 2, 298, 4, 1, 1
39, 3, 0, 1, 0, 1045, 1, 1, 0, 9, 7, 290, 13, 0, 0, 0, 1
48, 6, 0, 2, 0, 810, 0, 0, 1, 6, 3, 383, 1, 0, 0, 0, 1
31, 5, 1, 2, 0, 47, 1, 0, 0, 18, 1, 380, 1, 0, 0, 0, 1
32, 2, 0, 2, 0, 55, 0, 0, 0, 2, 4, 124, 3, 0, 0, 0, 1
34, 1, 0, 1, 0, 586, 1, 1, 1, 8, 1, 224, 2, 0, 0, 0, 1
26, 5, 1, 1, 0, 455, 0, 0, 0, 29, 6, 240, 1, 182, 8, 2, 1
31, 2, 0, 2, 0, 1010, 1, 0, 0, 15, 1, 385, 3, 364, 9, 2, 1
37, 2, 1, 2, 0, 509, 1, 0, 0, 6, 1, 133, 1, 0, 0, 0, 1
29, 8, 1, 3, 0, 2929, 0, 0, 0, 11, 5, 91, 1, 0, 0, 0, 1
57, 5, 0, 1, 0, 3071, 1, 1, 0, 7, 1, 63, 3, 0, 0, 0, 1
47, 2, 1, 2, 0, 153, 1, 0, 0, 18, 8, 192, 2, 0, 0, 0, 1
38, 4, 1, 1, 0, 1146, 1, 0, 1, 21, 1, 91, 2, 0, 0, 0, 1
48, 3, 0, 0, 0, 1092, 0, 1, 0, 18, 8, 79, 1, 172, 8, 1, 1
50, 2, 0, 2, 0, 3463, 0, 1, 0, 28, 0, 96, 1, 0, 0, 0, 0
33, 7, 0, 1, 0, 1158, 1, 0, 0, 20, 2, 25, 2, 0, 0, 0, 1
28, 7, 1, 1, 0, 26, 1, 0, 0, 7, 1, 227, 2, 0, 0, 0, 1
30, 1, 1, 1, 0, 566, 0, 0, 0, 5, 4, 110, 1, 0, 0, 0, 1
52, 5, 2, 1, 0, 204, 0, 0, 0, 7, 5, 134, 2, 0, 0, 0, 1
36, 5, 0, 1, 0, 480, 0, 0, 0, 20, 0, 213, 1, 0, 0, 0, 0
36, 5, 1, 1, 0, 1855, 1, 0, 0, 4, 4, 75, 1, 273, 1, 1, 1
46, 1, 0, 1, 0, 1034, 0, 0, 0, 8, 5, 109, 2, 0, 0, 0, 1
57, 2, 0, 2, 0, 3250, 0, 0, 0, 20, 5, 162, 3, 0, 0, 0, 1
28, 2, 1, 1, 0, 1633, 0, 0, 0, 5, 3, 275, 1, 0, 0, 0, 0
46, 1, 0, 1, 0, 0, 1, 0, 0, 22, 3, 154, 1, 124, 1, 2, 1
55, 10, 0, 0, 0, 3334, 0, 0, 0, 14, 5, 632, 4, 0, 0, 0, 0
33, 2, 0, 2, 0, 4020, 1, 1, 0, 15, 2, 251, 1, 0, 0, 0, 1
53, 2, 0, 1, 0, 66, 0, 1, 2, 8, 7, 141, 1, 0, 0, 0, 1
41, 5, 1, 1, 0, 48, 1, 1, 0, 3, 2, 154, 1, 0, 0, 0, 1
60, 3, 0, 1, 0, 322, 1, 0, 0, 7, 1, 63, 1, 0, 0, 0, 1
35, 6, 0, 0, 0, 2643, 0, 1, 0, 8, 7, 259, 1, 0, 0, 0, 1
43, 3, 2, 0, 0, 49, 1, 0, 1, 9, 1, 100, 1, 0, 0, 0, 1
57, 7, 2, 0, 0, 1, 0, 0, 1, 15, 1, 17, 10, 0, 0, 0, 1
46, 7, 0, 1, 0, 3098, 1, 0, 2, 21, 8, 192, 9, 0, 0, 0, 1
31, 3, 0, 0, 0, 352, 1, 0, 1, 19, 1, 97, 9, 0, 0, 0, 1
53, 5, 0, 1, 0, 65, 0, 0, 0, 25, 5, 41, 2, 0, 0, 0, 1
35, 3, 0, 1, 0, 1949, 1, 0, 1, 2, 3, 200, 3, 0, 0, 0, 1
32, 7, 1, 1, 0, 739, 1, 0, 0, 20, 8, 91, 3, 0, 0, 0, 1
48, 2, 0, 2, 0, 1167, 1, 1, 0, 1, 3, 264, 1, 0, 0, 0, 0
50, 7, 0, 1, 0, 231, 1, 0, 0, 21, 8, 397, 2, 0, 0, 0, 1
40, 3, 0, 0, 0, 1136, 1, 0, 1, 21, 1, 86, 1, 0, 0, 0, 1
42, 6, 0, 2, 0, 233, 0, 0, 0, 5, 4, 446, 1, 0, 0, 0, 1
59, 7, 0, 1, 0, 817, 0, 0, 0, 9, 2, 304, 1, 0, 0, 0, 1
27, 3, 1, 0, 0, 1128, 1, 0, 1, 30, 3, 88, 4, 0, 0, 0, 1
32, 2, 1, 2, 0, 1831, 1, 0, 0, 20, 2, 86, 2, 0, 0, 0, 1
35, 5, 1, 1, 0, 450, 1, 0, 0, 13, 1, 63, 1, 0, 0, 0, 1
28, 1, 0, 1, 0, 0, 1, 0, 0, 5, 1, 335, 2, 281, 8, 1, 1
37, 2, 2, 1, 0, 414, 0, 0, 0, 29, 6, 293, 2, 162, 4, 1, 1
57, 2, 0, 0, 0, 1052, 1, 0, 1, 13, 1, 227, 4, 0, 0, 0, 1
42, 7, 1, 1, 0, 1022, 1, 0, 1, 5, 1, 146, 2, 0, 0, 0, 1
55, 7, 0, 0, 0, 343, 1, 0, 0, 14, 7, 276, 3, 0, 0, 0, 1
52, 2, 0, 2, 0, 1944, 1, 0, 0, 15, 2, 238, 3, 323, 2, 1, 1
26, 3, 1, 1, 0, 49, 1, 1, 0, 31, 7, 14, 6, 0, 0, 0, 1
52, 5, 0, 1, 0, 1781, 1, 0, 1, 19, 1, 144, 2, 0, 0, 0, 1
26, 2, 1, 2, 0, 350, 0, 0, 0, 8, 7, 367, 1, 0, 0, 0, 1
33, 0, 0, 1, 0, 2, 1, 0, 0, 16, 7, 132, 1, 0, 0, 0, 1
24, 3, 1, 0, 0, 111, 1, 1, 1, 27, 1, 42, 4, 0, 0, 0, 1
37, 2, 2, 2, 0, 168, 1, 0, 1, 5, 3, 227, 1, 0, 0, 0, 1
28, 5, 1, 1, 0, 3, 0, 0, 2, 18, 1, 40, 8, 349, 6, 1, 1
30, 5, 1, 1, 0, 102, 1, 0, 1, 7, 1, 614, 2, 0, 0, 0, 1
33, 3, 0, 0, 0, 0, 1, 0, 1, 15, 1, 270, 1, 0, 0, 0, 1
55, 11, 0, 0, 0, 159, 0, 0, 1, 4, 9, 15, 1, 0, 0, 0, 1
33, 3, 0, 1, 0, 1134, 1, 0, 1, 23, 1, 304, 2, 0, 0, 0, 1
42, 3, 0, 1, 0, 352, 1, 0, 0, 11, 1, 79, 3, 0, 0, 0, 1
37, 2, 0, 2, 0, 865, 1, 0, 0, 3, 3, 101, 1, 0, 0, 0, 1
59, 3, 0, 0, 0, 179, 1, 0, 1, 5, 1, 55, 3, 0, 0, 0, 1
27, 3, 1, 1, 0, 5, 1, 0, 1, 19, 1, 205, 3, 0, 0, 0, 1
23, 8, 0, 2, 1, 50, 1, 0, 0, 18, 1, 259, 2, 0, 0, 0, 1
51, 2, 2, 2, 0, 0, 0, 0, 0, 13, 5, 60, 2, 0, 0, 0, 1
50, 3, 0, 0, 0, 3924, 1, 0, 0, 20, 2, 122, 2, 0, 0, 0, 1
43, 5, 0, 1, 0, 764, 1, 0, 0, 14, 7, 557, 5, 0, 0, 0, 1
37, 3, 2, 0, 0, 511, 1, 0, 2, 11, 1, 42, 1, 0, 0, 0, 1
34, 2, 1, 2, 0, 4348, 1, 0, 0, 28, 5, 373, 8, 0, 0, 0, 1
41, 2, 0, 2, 0, 3016, 1, 0, 0, 14, 7, 80, 3, 0, 0, 0, 1
26, 8, 1, 1, 0, 279, 0, 0, 0, 7, 1, 239, 3, 0, 0, 0, 1
49, 2, 2, 2, 0, 1405, 0, 0, 1, 8, 3, 29, 1, 0, 0, 0, 1
29, 3, 1, 1, 0, 908, 1, 0, 1, 20, 3, 1663, 1, 0, 0, 0, 0
30, 2, 1, 2, 0, 162, 1, 0, 1, 20, 1, 186, 4, 0, 0, 0, 1
38, 1, 2, 1, 0, 792, 0, 0, 1, 6, 3, 430, 1, 0, 0, 0, 1
58, 2, 0, 1, 0, 111, 0, 0, 2, 24, 10, 58, 2, 0, 0, 0, 1
34, 8, 1, 3, 0, 1281, 0, 0, 0, 25, 5, 279, 1, 117, 1, 1, 1
53, 1, 2, 3, 0, 1012, 1, 0, 0, 28, 7, 332, 2, 0, 0, 0, 1
50, 2, 0, 2, 0, 2881, 0, 0, 0, 5, 5, 510, 2, 2, 5, 2, 1
30, 3, 1, 1, 0, 445, 1, 0, 0, 16, 2, 218, 1, 330, 2, 1, 1
40, 2, 0, 1, 0, 643, 1, 0, 0, 17, 2, 74, 2, 256, 1, 1, 1
57, 9, 1, 1, 0, 254, 0, 0, 0, 8, 0, 676, 1, 0, 0, 0, 1
40, 2, 0, 2, 0, 51, 1, 0, 0, 15, 1, 1259, 2, 333, 18, 1, 1
41, 5, 0, 1, 0, 2125, 1, 1, 0, 21, 8, 285, 3, 116, 4, 1, 1
53, 5, 2, 3, 0, 629, 1, 0, 0, 8, 1, 298, 1, 0, 0, 0, 1
48, 3, 0, 1, 0, 52, 1, 1, 0, 30, 7, 225, 4, 0, 0, 0, 1
32, 5, 1, 1, 0, 271, 1, 0, 0, 13, 1, 80, 2, 268, 2, 2, 1
34, 2, 0, 2, 0, 703, 1, 0, 0, 14, 2, 342, 1, 0, 0, 0, 0
46, 3, 0, 1, 0, 53, 1, 0, 0, 28, 7, 404, 3, 0, 0, 0, 1
45, 1, 2, 1, 0, 88, 0, 1, 0, 7, 7, 332, 1, 0, 0, 0, 1
51, 7, 1, 2, 0, 16, 1, 0, 0, 30, 6, 158, 1, 0, 0, 0, 1
31, 2, 0, 1, 0, 466, 1, 0, 0, 14, 1, 164, 1, 0, 0, 0, 1
47, 5, 0, 1, 0, 54, 1, 0, 0, 4, 4, 57, 1, 247, 1, 2, 1
32, 3, 0, 1, 0, 456, 0, 0, 0, 12, 1, 121, 1, 0, 0, 0, 1
41, 5, 0, 1, 0, 77, 1, 0, 0, 7, 1, 56, 1, 0, 0, 0, 1
37, 1, 1, 1, 0, 55, 0, 0, 1, 3, 7, 178, 1, 0, 0, 0, 1
27, 3, 1, 0, 0, 1209, 0, 0, 0, 29, 6, 283, 1, 0, 0, 0, 1
27, 1, 0, 1, 0, 58, 1, 0, 0, 7, 1, 113, 1, 337, 2, 2, 1
50, 2, 0, 1, 1, 421, 0, 0, 0, 20, 8, 22, 5, 0, 0, 0, 1
31, 2, 1, 2, 0, 112, 1, 0, 0, 2, 4, 159, 2, 271, 1, 1, 1
40, 4, 0, 2, 0, 13669, 0, 0, 0, 15, 0, 138, 1, 136, 8, 2, 1
43, 2, 0, 2, 0, 1429, 1, 0, 0, 19, 8, 1015, 1, 198, 2, 2, 0
39, 5, 0, 2, 0, 794, 0, 0, 2, 2, 4, 182, 1, 0, 0, 0, 1
31, 6, 1, 2, 0, 1957, 0, 0, 0, 4, 4, 112, 3, 0, 0, 0, 1
48, 5, 0, 1, 0, 454, 1, 0, 0, 10, 7, 114, 1, 0, 0, 0, 1
32, 3, 1, 0, 0, 882, 0, 1, 0, 29, 7, 80, 8, 0, 0, 0, 1
47, 0, 0, 0, 0, 168, 1, 0, 2, 30, 6, 66, 1, 241, 1, 2, 1
35, 2, 1, 2, 0, 714, 1, 0, 0, 26, 5, 135, 22, 0, 0, 0, 1
42, 2, 1, 2, 0, 0, 0, 0, 0, 7, 9, 99, 1, 0, 0, 0, 1
47, 3, 0, 1, 0, 1996, 0, 0, 1, 5, 3, 761, 2, 0, 0, 0, 0
59, 10, 0, 1, 0, 163, 0, 0, 0, 24, 7, 464, 1, 0, 0, 0, 1
38, 7, 0, 1, 0, 3190, 1, 0, 1, 20, 3, 20, 2, 0, 0, 0, 1
50, 0, 0, 1, 0, 1772, 0, 0, 0, 29, 7, 206, 4, 0, 0, 0, 1
27, 1, 1, 1, 0, 56, 0, 0, 0, 8, 7, 283, 2, 0, 0, 0, 1
55, 9, 0, 0, 0, 16, 0, 0, 1, 20, 3, 64, 1, 0, 0, 0, 1
39, 1, 1, 1, 0, 7066, 1, 0, 0, 15, 1, 667, 3, 357, 3, 2, 0
31, 5, 1, 2, 0, 454, 0, 0, 0, 4, 4, 73, 3, 0, 0, 0, 1
37, 6, 0, 2, 0, 4798, 1, 0, 1, 20, 1, 156, 2, 0, 0, 0, 1
28, 5, 1, 1, 1, 57, 1, 0, 1, 3, 3, 559, 7, 0, 0, 0, 1
42, 5, 0, 1, 0, 439, 0, 0, 0, 20, 5, 143, 2, 0, 0, 0, 1
40, 1, 2, 1, 0, 1927, 1, 0, 1, 15, 1, 62, 1, 0, 0, 0, 1
59, 2, 1, 1, 0, 671, 1, 1, 0, 29, 6, 219, 2, 259, 5, 1, 1
40, 1, 1, 1, 0, 65, 1, 0, 0, 15, 1, 15, 3, 0, 0, 0, 1
43, 5, 0, 1, 0, 58, 1, 0, 0, 16, 2, 567, 1, 0, 0, 0, 1
38, 5, 1, 1, 0, 4366, 1, 0, 0, 29, 7, 188, 2, 0, 0, 0, 1
54, 10, 0, 0, 0, 0, 1, 0, 0, 11, 7, 159, 2, 0, 0, 0, 1
41, 3, 0, 1, 0, 4900, 1, 0, 2, 31, 7, 121, 2, 0, 0, 0, 1
55, 9, 2, 0, 0, 976, 0, 0, 0, 28, 3, 345, 1, 94, 3, 2, 0
33, 2, 0, 2, 0, 148, 0, 0, 1, 20, 1, 717, 1, 0, 0, 0, 1
46, 3, 0, 1, 0, 5, 0, 0, 0, 18, 5, 71, 3, 0, 0, 0, 1
36, 2, 0, 1, 0, 59, 0, 0, 0, 18, 8, 144, 2, 0, 0, 0, 1
48, 5, 2, 2, 0, 113, 0, 1, 0, 22, 7, 38, 1, 0, 0, 0, 1
42, 2, 0, 1, 0, 60, 1, 0, 0, 28, 5, 60, 2, 0, 0, 0, 1
46, 2, 2, 2, 0, 624, 0, 0, 0, 17, 9, 336, 2, 183, 2, 3, 0
49, 5, 0, 1, 1, 61, 1, 1, 1, 27, 3, 92, 4, 0, 0, 0, 1
36, 3, 0, 1, 0, 62, 0, 0, 0, 11, 1, 254, 2, 353, 1, 1, 1
34, 5, 1, 2, 0, 144, 1, 1, 0, 14, 0, 104, 1, 85, 19, 1, 1
51, 6, 2, 2, 0, 4, 1, 1, 0, 20, 2, 74, 5, 0, 0, 0, 1
58, 3, 0, 0, 0, 309, 0, 0, 0, 19, 5, 156, 2, 0, 0, 0, 1
48, 2, 0, 2, 0, 866, 0, 0, 0, 29, 6, 146, 2, 0, 0, 0, 1
41, 7, 1, 1, 0, 1020, 1, 0, 1, 19, 1, 882, 1, 0, 0, 0, 0
49, 4, 0, 0, 0, 489, 1, 0, 1, 27, 1, 84, 4, 0, 0, 0, 1
43, 2, 0, 0, 0, 8167, 1, 0, 1, 19, 1, 114, 2, 0, 0, 0, 1
32, 3, 1, 1, 0, 63, 0, 1, 1, 2, 7, 957, 3, 0, 0, 0, 1
54, 10, 0, 1, 0, 3671, 0, 0, 1, 11, 3, 67, 3, 0, 0, 0, 1
33, 3, 2, 0, 0, 636, 1, 0, 0, 9, 7, 211, 11, 0, 0, 0, 1
35, 5, 0, 1, 0, 141, 1, 0, 0, 19, 5, 299, 2, 0, 0, 0, 1
56, 5, 0, 1, 0, 150, 1, 1, 0, 11, 1, 102, 6, 349, 1, 1, 1
57, 5, 0, 1, 0, 839, 0, 1, 1, 5, 1, 225, 1, 0, 0, 0, 1
31, 9, 1, 0, 0, 26965, 0, 0, 0, 21, 2, 654, 2, 0, 0, 0, 0
33, 5, 1, 1, 0, 716, 1, 0, 0, 14, 1, 234, 2, 0, 0, 0, 1
29, 5, 1, 2, 0, 2485, 0, 0, 2, 24, 7, 48, 6, 0, 0, 0, 1
38, 2, 1, 2, 0, 15030, 1, 0, 0, 13, 1, 167, 1, 174, 7, 2, 1
37, 7, 0, 1, 0, 11303, 0, 0, 0, 26, 1, 500, 2, 0, 0, 0, 1
33, 6, 0, 2, 0, 595, 0, 0, 0, 7, 5, 22, 2, 0, 0, 0, 1
30, 2, 1, 2, 0, 19358, 0, 0, 0, 19, 8, 258, 2, 0, 0, 0, 1
31, 4, 1, 1, 0, 203, 0, 1, 0, 19, 8, 177, 1, 0, 0, 0, 1
28, 5, 1, 2, 0, 183, 1, 1, 1, 28, 1, 62, 2, 0, 0, 0, 1
26, 7, 1, 1, 0, 255, 0, 0, 0, 30, 2, 457, 1, 80, 1, 3, 0
31, 5, 1, 1, 0, 102, 1, 0, 2, 17, 2, 460, 2, 345, 2, 1, 1
50, 9, 2, 0, 0, 94, 1, 0, 0, 22, 7, 184, 4, 0, 0, 0, 1
45, 6, 0, 0, 0, 58, 1, 0, 2, 13, 1, 119, 3, 371, 3, 1, 1
48, 2, 0, 0, 0, 606, 0, 0, 0, 5, 10, 77, 6, 0, 0, 0, 1
41, 5, 0, 1, 0, 0, 0, 1, 0, 23, 7, 107, 1, 0, 0, 0, 1
60, 5, 0, 0, 0, 65, 1, 0, 1, 9, 1, 1028, 2, 0, 0, 0, 0
41, 3, 0, 1, 0, 338, 1, 0, 1, 14, 1, 87, 1, 0, 0, 0, 1
43, 3, 0, 0, 0, 757, 1, 0, 1, 9, 1, 315, 4, 0, 0, 0, 1
36, 2, 0, 2, 0, 9269, 1, 1, 0, 19, 8, 107, 2, 0, 0, 0, 1
40, 3, 0, 0, 0, 1206, 0, 1, 2, 16, 7, 201, 5, 0, 0, 0, 1
28, 2, 1, 2, 0, 882, 0, 1, 0, 29, 6, 94, 1, 205, 2, 1, 1
27, 8, 1, 2, 0, 5291, 0, 0, 0, 12, 8, 192, 2, 92, 2, 1, 0
49, 2, 1, 1, 0, 61, 1, 0, 0, 29, 6, 185, 2, 246, 1, 1, 1
37, 5, 0, 2, 0, 0, 1, 0, 0, 17, 8, 77, 1, 0, 0, 0, 1
31, 3, 0, 1, 0, 1407, 1, 0, 0, 6, 1, 142, 3, 0, 0, 0, 1
31, 5, 1, 1, 1, 25, 0, 0, 0, 2, 4, 381, 1, 0, 0, 0, 1
31, 3, 0, 1, 0, 1354, 1, 1, 0, 17, 8, 222, 2, 0, 0, 0, 1
35, 3, 0, 0, 0, 793, 1, 0, 0, 17, 2, 106, 1, 0, 0, 0, 1
51, 3, 2, 3, 0, 10287, 1, 0, 1, 29, 1, 117, 1, 0, 0, 0, 1
33, 5, 1, 1, 0, 5235, 0, 0, 0, 7, 5, 67, 3, 0, 0, 0, 1
30, 5, 1, 2, 0, 3, 1, 0, 0, 6, 1, 45, 2, 169, 2, 1, 1
58, 5, 1, 1, 0, 409, 0, 1, 0, 14, 7, 643, 2, 0, 0, 0, 1
34, 7, 0, 2, 0, 35, 1, 0, 0, 15, 0, 76, 1, 69, 2, 1, 1
45, 2, 0, 2, 0, 64, 0, 0, 0, 21, 5, 508, 6, 0, 0, 0, 1
28, 1, 1, 1, 0, 198, 0, 0, 0, 5, 7, 128, 2, 0, 0, 0, 0
31, 3, 0, 0, 0, 99, 1, 0, 0, 17, 2, 193, 2, 322, 1, 2, 1
40, 2, 0, 2, 0, 60, 0, 0, 1, 16, 3, 172, 6, 0, 0, 0, 1
30, 1, 1, 1, 0, 3485, 0, 0, 0, 2, 4, 142, 2, 0, 0, 0, 1
34, 6, 0, 1, 0, 65, 1, 1, 1, 27, 1, 492, 2, 0, 0, 0, 1
40, 3, 0, 1, 0, 952, 0, 1, 1, 12, 3, 140, 1, 0, 0, 0, 1
59, 10, 0, 0, 0, 1427, 0, 0, 1, 18, 3, 140, 2, 0, 0, 0, 1
43, 5, 1, 2, 0, 1017, 1, 0, 1, 19, 1, 257, 2, 0, 0, 0, 1
41, 2, 0, 2, 0, 66, 0, 0, 0, 29, 6, 41, 2, 266, 2, 1, 1
33, 5, 2, 1, 0, 9, 0, 0, 0, 21, 5, 91, 2, 0, 0, 0, 1
33, 2, 0, 1, 0, 4040, 1, 0, 0, 20, 2, 132, 2, 0, 0, 0, 1
36, 3, 0, 1, 0, 13, 0, 0, 1, 3, 3, 284, 1, 0, 0, 0, 1
32, 4, 1, 1, 0, 1259, 0, 0, 0, 25, 7, 184, 2, 0, 0, 0, 1
25, 7, 0, 1, 0, 18, 1, 0, 0, 18, 7, 225, 1, 0, 0, 0, 1
25, 3, 0, 1, 0, 67, 1, 0, 1, 12, 1, 241, 3, 0, 0, 0, 1
38, 5, 1, 2, 0, 221, 0, 0, 0, 20, 5, 79, 3, 0, 0, 0, 1
34, 2, 0, 2, 0, 136, 1, 0, 0, 22, 2, 156, 1, 0, 0, 0, 1
67, 3, 0, 1, 0, 16353, 0, 0, 0, 27, 0, 223, 2, 0, 0, 0, 1
32, 3, 0, 1, 0, 68, 1, 0, 1, 30, 1, 198, 1, 0, 0, 0, 1
45, 9, 0, 0, 0, 7353, 0, 0, 0, 13, 5, 536, 2, 0, 0, 0, 1
33, 3, 0, 0, 0, 511, 1, 0, 1, 21, 1, 304, 2, 0, 0, 0, 1
38, 7, 0, 0, 0, 3913, 1, 0, 0, 20, 2, 196, 2, 315, 2, 1, 1
32, 5, 2, 1, 0, 1097, 1, 0, 1, 12, 1, 298, 2, 0, 0, 0, 1
54, 10, 2, 2, 0, 6102, 1, 1, 1, 21, 1, 86, 6, 0, 0, 0, 1
51, 7, 2, 1, 0, 340, 1, 0, 1, 8, 1, 186, 1, 0, 0, 0, 1
42, 3, 0, 0, 0, 69, 1, 0, 0, 22, 7, 167, 3, 0, 0, 0, 1
41, 7, 0, 1, 0, 2993, 1, 0, 0, 22, 7, 24, 12, 0, 0, 0, 1
39, 2, 2, 2, 0, 3575, 0, 1, 0, 18, 5, 74, 3, 0, 0, 0, 1
38, 3, 0, 1, 0, 361, 1, 0, 1, 11, 3, 601, 1, 0, 0, 0, 1
39, 2, 0, 1, 0, 1072, 1, 0, 1, 27, 1, 1168, 2, 0, 0, 0, 1
46, 3, 0, 0, 0, 2904, 0, 0, 0, 20, 2, 277, 2, 0, 0, 0, 1
50, 6, 2, 2, 0, 1790, 0, 1, 0, 6, 4, 748, 3, 0, 0, 0, 1
33, 3, 0, 1, 0, 86, 1, 0, 1, 19, 1, 364, 1, 0, 0, 0, 1
37, 5, 0, 1, 0, 1633, 1, 0, 1, 19, 1, 229, 3, 0, 0, 0, 1
31, 2, 0, 2, 0, 8312, 0, 0, 0, 29, 5, 43, 13, 0, 0, 0, 1
34, 3, 2, 3, 0, 172, 0, 0, 0, 15, 3, 177, 1, 0, 0, 0, 0
34, 2, 0, 2, 0, 0, 1, 0, 0, 7, 5, 262, 1, 99, 2, 3, 0
36, 2, 0, 2, 0, 222, 1, 0, 0, 6, 1, 317, 1, 169, 2, 1, 1
40, 5, 0, 1, 0, 109, 0, 0, 1, 20, 3, 402, 22, 0, 0, 0, 1
40, 3, 0, 1, 0, 1451, 0, 0, 0, 1, 3, 314, 1, 0, 0, 0, 0
41, 5, 0, 1, 0, 1066, 0, 0, 0, 11, 4, 109, 3, 0, 0, 0, 0
52, 2, 0, 2, 0, 3163, 0, 0, 0, 25, 5, 56, 6, 0, 0, 0, 1
40, 1, 1, 1, 0, 888, 1, 0, 1, 12, 1, 169, 2, 0, 0, 0, 1
48, 3, 1, 3, 0, 428, 1, 0, 0, 18, 1, 127, 1, 0, 0, 0, 1
33, 2, 2, 1, 0, 106, 0, 0, 0, 20, 5, 175, 3, 0, 0, 0, 1
44, 5, 2, 1, 0, 0, 0, 0, 0, 12, 5, 56, 2, 0, 0, 0, 1
55, 2, 0, 2, 0, 979, 0, 1, 0, 8, 7, 123, 1, 0, 0, 0, 1
51, 7, 0, 1, 0, 2662, 0, 0, 2, 28, 6, 148, 2, 0, 0, 0, 1
34, 2, 1, 2, 0, 84, 0, 0, 0, 5, 4, 231, 1, 0, 0, 0, 1
58, 10, 2, 3, 0, 5920, 1, 0, 0, 23, 7, 255, 1, 0, 0, 0, 1
39, 2, 1, 2, 0, 816, 1, 0, 0, 27, 5, 37, 3, 0, 0, 0, 1
27, 0, 1, 1, 0, 3276, 0, 0, 0, 5, 5, 106, 1, 110, 2, 2, 1
55, 2, 2, 3, 0, 2, 1, 0, 1, 19, 1, 95, 1, 0, 0, 0, 1
35, 5, 1, 1, 0, 70, 0, 0, 1, 2, 7, 134, 2, 0, 0, 0, 1
37, 5, 1, 2, 0, 3315, 1, 0, 0, 9, 2, 820, 2, 0, 0, 0, 1
52, 5, 0, 1, 0, 196, 1, 1, 0, 24, 4, 116, 1, 273, 3, 1, 1
41, 3, 0, 1, 0, 552, 1, 0, 0, 12, 1, 463, 1, 0, 0, 0, 1
52, 7, 0, 1, 0, 2347, 0, 1, 0, 12, 5, 603, 3, 0, 0, 0, 1
34, 3, 1, 1, 0, 3723, 1, 0, 1, 27, 1, 47, 5, 0, 0, 0, 1
53, 2, 2, 0, 0, 255, 0, 0, 0, 19, 8, 126, 1, 0, 0, 0, 1
33, 2, 1, 2, 0, 3143, 0, 0, 0, 29, 3, 421, 2, 0, 0, 0, 0
47, 4, 0, 1, 0, 0, 0, 0, 1, 26, 3, 174, 8, 0, 0, 0, 1
35, 3, 0, 1, 0, 6411, 1, 1, 0, 30, 6, 144, 1, 266, 2, 1, 1
33, 2, 1, 2, 0, 1909, 0, 0, 0, 8, 5, 191, 2, 0, 0, 0, 1
55, 3, 0, 0, 0, 3873, 0, 0, 2, 21, 2, 222, 1, 0, 0, 0, 1
58, 4, 0, 0, 0, 1013, 1, 0, 0, 11, 5, 206, 1, 461, 1, 1, 0
44, 7, 0, 1, 0, 262, 1, 0, 0, 9, 7, 74, 1, 0, 0, 0, 1
25, 1, 1, 1, 0, 3217, 1, 0, 1, 28, 1, 24, 1, 0, 0, 0, 1
37, 5, 1, 1, 0, 5436, 1, 0, 0, 6, 1, 7, 11, 351, 1, 1, 1
41, 3, 0, 0, 0, 2067, 1, 0, 0, 15, 1, 493, 7, 0, 0, 0, 1
34, 3, 1, 1, 0, 215, 0, 0, 0, 3, 10, 350, 3, 0, 0, 0, 0
36, 1, 2, 1, 0, 1594, 0, 0, 1, 6, 3, 250, 3, 0, 0, 0, 1
44, 4, 0, 2, 0, 134, 0, 0, 0, 28, 5, 86, 4, 0, 0, 0, 1
34, 6, 2, 2, 0, 262, 0, 0, 0, 20, 8, 371, 1, 0, 0, 0, 1
56, 3, 2, 0, 0, 3021, 0, 0, 1, 9, 3, 419, 2, 0, 0, 0, 1
43, 2, 2, 2, 0, 388, 1, 0, 1, 8, 1, 2087, 2, 0, 0, 0, 0
28, 3, 1, 1, 0, 3412, 1, 0, 0, 15, 1, 22, 4, 0, 0, 0, 1
54, 3, 0, 1, 0, 1291, 1, 0, 1, 5, 1, 266, 1, 0, 0, 0, 1
37, 5, 2, 1, 0, 79, 0, 0, 0, 21, 7, 191, 1, 0, 0, 0, 1
59, 4, 0, 2, 0, 2013, 0, 0, 0, 19, 4, 222, 4, 94, 2, 3, 0
58, 3, 2, 1, 0, 543, 0, 1, 2, 17, 7, 264, 3, 0, 0, 0, 1
56, 2, 2, 2, 0, 1016, 1, 0, 1, 9, 3, 184, 5, 0, 0, 0, 1
32, 3, 1, 1, 0, 604, 0, 1, 0, 28, 1, 95, 3, 0, 0, 0, 1
42, 2, 1, 2, 0, 525, 0, 0, 0, 13, 5, 127, 2, 0, 0, 0, 1
52, 10, 2, 0, 0, 353, 0, 0, 0, 31, 7, 395, 4, 0, 0, 0, 1
46, 2, 0, 2, 0, 964, 1, 0, 0, 8, 2, 174, 1, 0, 0, 0, 1
37, 7, 0, 2, 0, 3913, 1, 0, 0, 27, 2, 124, 1, 0, 0, 0, 0
39, 3, 0, 0, 0, 879, 1, 0, 1, 26, 1, 102, 2, 0, 0, 0, 1
31, 7, 0, 1, 0, 314, 1, 0, 0, 17, 2, 279, 1, 0, 0, 0, 1
59, 9, 0, 0, 0, 0, 0, 0, 0, 27, 5, 76, 11, 0, 0, 0, 1
38, 3, 0, 1, 0, 1370, 1, 0, 0, 11, 1, 472, 2, 0, 0, 0, 1
58, 2, 0, 1, 0, 37, 0, 0, 0, 18, 5, 84, 11, 0, 0, 0, 1
34, 2, 1, 2, 0, 673, 1, 1, 0, 20, 8, 271, 1, 184, 1, 1, 1
40, 1, 0, 1, 0, 71, 1, 0, 1, 26, 1, 754, 1, 0, 0, 0, 1
